"","es_score","brier_score","location","target_date","X24A_50_CI","X24B_50_CI","X24C_50_CI","X24D_50_CI","X24E_50_CI","X24G_50_CI","other_50_CI","X24A_95_CI","X24B_95_CI","X24C_95_CI","X24D_95_CI","X24E_95_CI","X24G_95_CI","other_95_CI"
"1",NA,NA,"AK",2024-06-30,NA,NA,NA,NA,NA,NA,NA,NA,NA,NA,NA,NA,NA,NA
"2",NA,NA,"AK",2024-07-01,NA,NA,NA,NA,NA,NA,NA,NA,NA,NA,NA,NA,NA,NA
"3",0.65303786118824,0.514467914864852,"AK",2024-07-02,1,1,1,1,1,0,1,1,1,0,1,1,0,1
"4",NA,NA,"AK",2024-07-03,NA,NA,NA,NA,NA,NA,NA,NA,NA,NA,NA,NA,NA,NA
"5",NA,NA,"AK",2024-07-04,NA,NA,NA,NA,NA,NA,NA,NA,NA,NA,NA,NA,NA,NA
"6",NA,NA,"AK",2024-07-05,NA,NA,NA,NA,NA,NA,NA,NA,NA,NA,NA,NA,NA,NA
"7",NA,NA,"AK",2024-07-06,NA,NA,NA,NA,NA,NA,NA,NA,NA,NA,NA,NA,NA,NA
"8",NA,NA,"AK",2024-07-07,NA,NA,NA,NA,NA,NA,NA,NA,NA,NA,NA,NA,NA,NA
"9",NA,NA,"AK",2024-07-08,NA,NA,NA,NA,NA,NA,NA,NA,NA,NA,NA,NA,NA,NA
"10",NA,NA,"AK",2024-07-09,NA,NA,NA,NA,NA,NA,NA,NA,NA,NA,NA,NA,NA,NA
"11",NA,NA,"AK",2024-07-10,NA,NA,NA,NA,NA,NA,NA,NA,NA,NA,NA,NA,NA,NA
"12",NA,NA,"AK",2024-07-11,NA,NA,NA,NA,NA,NA,NA,NA,NA,NA,NA,NA,NA,NA
"13",NA,NA,"AK",2024-07-12,NA,NA,NA,NA,NA,NA,NA,NA,NA,NA,NA,NA,NA,NA
"14",NA,NA,"AK",2024-07-13,NA,NA,NA,NA,NA,NA,NA,NA,NA,NA,NA,NA,NA,NA
"15",NA,NA,"AK",2024-07-14,NA,NA,NA,NA,NA,NA,NA,NA,NA,NA,NA,NA,NA,NA
"16",NA,NA,"AK",2024-07-15,NA,NA,NA,NA,NA,NA,NA,NA,NA,NA,NA,NA,NA,NA
"17",NA,NA,"AK",2024-07-16,NA,NA,NA,NA,NA,NA,NA,NA,NA,NA,NA,NA,NA,NA
"18",NA,NA,"AK",2024-07-17,NA,NA,NA,NA,NA,NA,NA,NA,NA,NA,NA,NA,NA,NA
"19",NA,NA,"AK",2024-07-18,NA,NA,NA,NA,NA,NA,NA,NA,NA,NA,NA,NA,NA,NA
"20",NA,NA,"AK",2024-07-19,NA,NA,NA,NA,NA,NA,NA,NA,NA,NA,NA,NA,NA,NA
"21",NA,NA,"AK",2024-07-20,NA,NA,NA,NA,NA,NA,NA,NA,NA,NA,NA,NA,NA,NA
"22",NA,NA,"AK",2024-07-21,NA,NA,NA,NA,NA,NA,NA,NA,NA,NA,NA,NA,NA,NA
"23",0.439677794502099,0.29745669627668,"AK",2024-07-22,1,1,1,1,1,1,1,1,1,0,1,1,0,1
"24",NA,NA,"AK",2024-07-23,NA,NA,NA,NA,NA,NA,NA,NA,NA,NA,NA,NA,NA,NA
"25",NA,NA,"AK",2024-07-24,NA,NA,NA,NA,NA,NA,NA,NA,NA,NA,NA,NA,NA,NA
"26",NA,NA,"AK",2024-07-25,NA,NA,NA,NA,NA,NA,NA,NA,NA,NA,NA,NA,NA,NA
"27",NA,NA,"AK",2024-07-26,NA,NA,NA,NA,NA,NA,NA,NA,NA,NA,NA,NA,NA,NA
"28",NA,NA,"AK",2024-07-27,NA,NA,NA,NA,NA,NA,NA,NA,NA,NA,NA,NA,NA,NA
"29",NA,NA,"AK",2024-07-28,NA,NA,NA,NA,NA,NA,NA,NA,NA,NA,NA,NA,NA,NA
"30",NA,NA,"AK",2024-07-29,NA,NA,NA,NA,NA,NA,NA,NA,NA,NA,NA,NA,NA,NA
"31",NA,NA,"AK",2024-07-30,NA,NA,NA,NA,NA,NA,NA,NA,NA,NA,NA,NA,NA,NA
"32",NA,NA,"AK",2024-07-31,NA,NA,NA,NA,NA,NA,NA,NA,NA,NA,NA,NA,NA,NA
"33",NA,NA,"AK",2024-08-01,NA,NA,NA,NA,NA,NA,NA,NA,NA,NA,NA,NA,NA,NA
"34",0.460149709567315,0.261251239844087,"AK",2024-08-02,1,1,1,1,1,1,1,1,1,0,1,0,1,1
"35",NA,NA,"AK",2024-08-03,NA,NA,NA,NA,NA,NA,NA,NA,NA,NA,NA,NA,NA,NA
"36",NA,NA,"AK",2024-08-04,NA,NA,NA,NA,NA,NA,NA,NA,NA,NA,NA,NA,NA,NA
"37",0.977379496185695,0.236909844004526,"AK",2024-08-05,1,1,1,1,0,1,1,0,1,0,1,0,1,1
"38",NA,NA,"AK",2024-08-06,NA,NA,NA,NA,NA,NA,NA,NA,NA,NA,NA,NA,NA,NA
"39",0.394049141327512,0.221081496240367,"AK",2024-08-07,1,1,1,1,1,1,1,1,1,1,1,0,0,1
"40",NA,NA,"AK",2024-08-08,NA,NA,NA,NA,NA,NA,NA,NA,NA,NA,NA,NA,NA,NA
"41",0.943139125217192,0.205661912773957,"AK",2024-08-09,1,1,1,1,0,1,1,1,1,1,1,0,0,1
"42",NA,NA,"AK",2024-08-10,NA,NA,NA,NA,NA,NA,NA,NA,NA,NA,NA,NA,NA,NA
"43",0.422787785312838,0.323521458957282,"AL",2024-06-30,1,1,1,1,1,1,1,1,0,0,1,1,1,1
"44",NA,NA,"AL",2024-07-01,NA,NA,NA,NA,NA,NA,NA,NA,NA,NA,NA,NA,NA,NA
"45",NA,NA,"AL",2024-07-02,NA,NA,NA,NA,NA,NA,NA,NA,NA,NA,NA,NA,NA,NA
"46",NA,NA,"AL",2024-07-03,NA,NA,NA,NA,NA,NA,NA,NA,NA,NA,NA,NA,NA,NA
"47",NA,NA,"AL",2024-07-04,NA,NA,NA,NA,NA,NA,NA,NA,NA,NA,NA,NA,NA,NA
"48",NA,NA,"AL",2024-07-05,NA,NA,NA,NA,NA,NA,NA,NA,NA,NA,NA,NA,NA,NA
"49",NA,NA,"AL",2024-07-06,NA,NA,NA,NA,NA,NA,NA,NA,NA,NA,NA,NA,NA,NA
"50",NA,NA,"AL",2024-07-07,NA,NA,NA,NA,NA,NA,NA,NA,NA,NA,NA,NA,NA,NA
"51",NA,NA,"AL",2024-07-08,NA,NA,NA,NA,NA,NA,NA,NA,NA,NA,NA,NA,NA,NA
"52",0.442645790329812,0.350545805323365,"AL",2024-07-09,1,1,1,1,1,1,1,1,1,1,1,1,1,1
"53",NA,NA,"AL",2024-07-10,NA,NA,NA,NA,NA,NA,NA,NA,NA,NA,NA,NA,NA,NA
"54",NA,NA,"AL",2024-07-11,NA,NA,NA,NA,NA,NA,NA,NA,NA,NA,NA,NA,NA,NA
"55",NA,NA,"AL",2024-07-12,NA,NA,NA,NA,NA,NA,NA,NA,NA,NA,NA,NA,NA,NA
"56",NA,NA,"AL",2024-07-13,NA,NA,NA,NA,NA,NA,NA,NA,NA,NA,NA,NA,NA,NA
"57",NA,NA,"AL",2024-07-14,NA,NA,NA,NA,NA,NA,NA,NA,NA,NA,NA,NA,NA,NA
"58",NA,NA,"AL",2024-07-15,NA,NA,NA,NA,NA,NA,NA,NA,NA,NA,NA,NA,NA,NA
"59",0.611442050220032,0.431169992545315,"AL",2024-07-16,1,1,1,1,0,1,1,1,1,0,1,0,1,1
"60",0.489080743130003,0.381678958795838,"AL",2024-07-17,1,1,1,1,1,1,1,1,0,1,1,0,1,1
"61",NA,NA,"AL",2024-07-18,NA,NA,NA,NA,NA,NA,NA,NA,NA,NA,NA,NA,NA,NA
"62",NA,NA,"AL",2024-07-19,NA,NA,NA,NA,NA,NA,NA,NA,NA,NA,NA,NA,NA,NA
"63",NA,NA,"AL",2024-07-20,NA,NA,NA,NA,NA,NA,NA,NA,NA,NA,NA,NA,NA,NA
"64",NA,NA,"AL",2024-07-21,NA,NA,NA,NA,NA,NA,NA,NA,NA,NA,NA,NA,NA,NA
"65",NA,NA,"AL",2024-07-22,NA,NA,NA,NA,NA,NA,NA,NA,NA,NA,NA,NA,NA,NA
"66",NA,NA,"AL",2024-07-23,NA,NA,NA,NA,NA,NA,NA,NA,NA,NA,NA,NA,NA,NA
"67",0.520733430637329,0.376067336015483,"AL",2024-07-24,1,1,1,1,0,1,1,1,1,0,1,0,1,1
"68",NA,NA,"AL",2024-07-25,NA,NA,NA,NA,NA,NA,NA,NA,NA,NA,NA,NA,NA,NA
"69",0.54854935679102,0.423374739061326,"AL",2024-07-26,1,0,1,1,1,1,1,0,0,1,1,1,1,1
"70",NA,NA,"AL",2024-07-27,NA,NA,NA,NA,NA,NA,NA,NA,NA,NA,NA,NA,NA,NA
"71",NA,NA,"AL",2024-07-28,NA,NA,NA,NA,NA,NA,NA,NA,NA,NA,NA,NA,NA,NA
"72",NA,NA,"AL",2024-07-29,NA,NA,NA,NA,NA,NA,NA,NA,NA,NA,NA,NA,NA,NA
"73",NA,NA,"AL",2024-07-30,NA,NA,NA,NA,NA,NA,NA,NA,NA,NA,NA,NA,NA,NA
"74",NA,NA,"AL",2024-07-31,NA,NA,NA,NA,NA,NA,NA,NA,NA,NA,NA,NA,NA,NA
"75",NA,NA,"AL",2024-08-01,NA,NA,NA,NA,NA,NA,NA,NA,NA,NA,NA,NA,NA,NA
"76",0.815734306773485,0.569409533504741,"AL",2024-08-02,0,1,1,1,1,1,1,0,1,1,1,0,1,1
"77",0.595868348569035,0.465464001571193,"AL",2024-08-03,1,0,1,1,1,1,1,1,0,1,1,0,1,1
"78",NA,NA,"AL",2024-08-04,NA,NA,NA,NA,NA,NA,NA,NA,NA,NA,NA,NA,NA,NA
"79",NA,NA,"AL",2024-08-05,NA,NA,NA,NA,NA,NA,NA,NA,NA,NA,NA,NA,NA,NA
"80",NA,NA,"AL",2024-08-06,NA,NA,NA,NA,NA,NA,NA,NA,NA,NA,NA,NA,NA,NA
"81",NA,NA,"AL",2024-08-07,NA,NA,NA,NA,NA,NA,NA,NA,NA,NA,NA,NA,NA,NA
"82",0.929649832905463,0.480628118472505,"AL",2024-08-08,1,1,1,1,1,1,1,1,0,1,1,0,0,1
"83",NA,NA,"AL",2024-08-09,NA,NA,NA,NA,NA,NA,NA,NA,NA,NA,NA,NA,NA,NA
"84",NA,NA,"AL",2024-08-10,NA,NA,NA,NA,NA,NA,NA,NA,NA,NA,NA,NA,NA,NA
"85",NA,NA,"AR",2024-06-30,NA,NA,NA,NA,NA,NA,NA,NA,NA,NA,NA,NA,NA,NA
"86",NA,NA,"AR",2024-07-01,NA,NA,NA,NA,NA,NA,NA,NA,NA,NA,NA,NA,NA,NA
"87",NA,NA,"AR",2024-07-02,NA,NA,NA,NA,NA,NA,NA,NA,NA,NA,NA,NA,NA,NA
"88",NA,NA,"AR",2024-07-03,NA,NA,NA,NA,NA,NA,NA,NA,NA,NA,NA,NA,NA,NA
"89",NA,NA,"AR",2024-07-04,NA,NA,NA,NA,NA,NA,NA,NA,NA,NA,NA,NA,NA,NA
"90",NA,NA,"AR",2024-07-05,NA,NA,NA,NA,NA,NA,NA,NA,NA,NA,NA,NA,NA,NA
"91",NA,NA,"AR",2024-07-06,NA,NA,NA,NA,NA,NA,NA,NA,NA,NA,NA,NA,NA,NA
"92",NA,NA,"AR",2024-07-07,NA,NA,NA,NA,NA,NA,NA,NA,NA,NA,NA,NA,NA,NA
"93",0.480701782322498,0.351149968475035,"AR",2024-07-08,1,1,1,1,1,1,1,1,1,1,1,1,1,1
"94",0.5083264926666,0.387569483753994,"AR",2024-07-09,1,0,1,1,1,1,1,1,0,0,1,1,1,1
"95",0.518009796781705,0.38866389813022,"AR",2024-07-10,1,0,1,1,1,1,1,1,0,0,1,1,1,1
"96",NA,NA,"AR",2024-07-11,NA,NA,NA,NA,NA,NA,NA,NA,NA,NA,NA,NA,NA,NA
"97",NA,NA,"AR",2024-07-12,NA,NA,NA,NA,NA,NA,NA,NA,NA,NA,NA,NA,NA,NA
"98",NA,NA,"AR",2024-07-13,NA,NA,NA,NA,NA,NA,NA,NA,NA,NA,NA,NA,NA,NA
"99",NA,NA,"AR",2024-07-14,NA,NA,NA,NA,NA,NA,NA,NA,NA,NA,NA,NA,NA,NA
"100",NA,NA,"AR",2024-07-15,NA,NA,NA,NA,NA,NA,NA,NA,NA,NA,NA,NA,NA,NA
"101",NA,NA,"AR",2024-07-16,NA,NA,NA,NA,NA,NA,NA,NA,NA,NA,NA,NA,NA,NA
"102",0.452129633795296,0.288330088925683,"AR",2024-07-17,1,1,1,1,1,1,1,1,0,0,1,1,1,1
"103",NA,NA,"AR",2024-07-18,NA,NA,NA,NA,NA,NA,NA,NA,NA,NA,NA,NA,NA,NA
"104",0.656816399430249,0.491152107307897,"AR",2024-07-19,1,1,1,1,1,0,1,1,1,0,1,1,0,1
"105",NA,NA,"AR",2024-07-20,NA,NA,NA,NA,NA,NA,NA,NA,NA,NA,NA,NA,NA,NA
"106",NA,NA,"AR",2024-07-21,NA,NA,NA,NA,NA,NA,NA,NA,NA,NA,NA,NA,NA,NA
"107",1.13879294829368,0.405822117597841,"AR",2024-07-22,1,0,1,1,1,1,1,1,1,1,1,1,1,1
"108",0.430699291988587,0.277205800271949,"AR",2024-07-23,1,1,1,1,1,1,1,1,1,0,1,1,0,1
"109",1.1317982170485,0.400218448921478,"AR",2024-07-24,1,0,1,1,1,1,1,1,0,1,1,1,0,1
"110",NA,NA,"AR",2024-07-25,NA,NA,NA,NA,NA,NA,NA,NA,NA,NA,NA,NA,NA,NA
"111",0.572770620791454,0.424521395355976,"AR",2024-07-26,1,0,1,1,1,1,1,1,0,0,1,1,1,1
"112",NA,NA,"AR",2024-07-27,NA,NA,NA,NA,NA,NA,NA,NA,NA,NA,NA,NA,NA,NA
"113",NA,NA,"AR",2024-07-28,NA,NA,NA,NA,NA,NA,NA,NA,NA,NA,NA,NA,NA,NA
"114",2.80632580164101,0.43459709022026,"AR",2024-07-29,1,0,1,1,1,1,1,1,0,0,1,0,0,1
"115",0.6311708102305,0.43816222730656,"AR",2024-07-30,1,0,1,1,1,1,1,1,0,0,1,1,1,1
"116",NA,NA,"AR",2024-07-31,NA,NA,NA,NA,NA,NA,NA,NA,NA,NA,NA,NA,NA,NA
"117",NA,NA,"AR",2024-08-01,NA,NA,NA,NA,NA,NA,NA,NA,NA,NA,NA,NA,NA,NA
"118",NA,NA,"AR",2024-08-02,NA,NA,NA,NA,NA,NA,NA,NA,NA,NA,NA,NA,NA,NA
"119",NA,NA,"AR",2024-08-03,NA,NA,NA,NA,NA,NA,NA,NA,NA,NA,NA,NA,NA,NA
"120",NA,NA,"AR",2024-08-04,NA,NA,NA,NA,NA,NA,NA,NA,NA,NA,NA,NA,NA,NA
"121",0.72455909577183,0.51337540406929,"AR",2024-08-05,0,1,1,1,1,1,1,0,1,0,1,1,1,1
"122",0.677006109994453,0.404668419883374,"AR",2024-08-06,1,1,1,1,1,1,1,1,1,1,1,0,0,1
"123",0.492579606409859,0.284964597320977,"AR",2024-08-07,1,1,1,1,1,1,1,1,1,0,1,1,0,1
"124",NA,NA,"AR",2024-08-08,NA,NA,NA,NA,NA,NA,NA,NA,NA,NA,NA,NA,NA,NA
"125",0.776402966561683,0.427410953276203,"AR",2024-08-09,0,1,1,1,1,1,1,0,1,0,1,0,1,1
"126",NA,NA,"AR",2024-08-10,NA,NA,NA,NA,NA,NA,NA,NA,NA,NA,NA,NA,NA,NA
"127",3.33424575495597,0.415752752515946,"AZ",2024-06-30,0,1,0,1,1,0,0,0,1,0,1,0,0,0
"128",6.5065952389587,0.415423733739051,"AZ",2024-07-01,0,1,0,0,0,1,0,0,0,0,0,0,1,1
"129",1.86316907380574,0.337382865702203,"AZ",2024-07-02,0,1,1,1,1,1,1,0,0,0,1,0,1,1
"130",NA,NA,"AZ",2024-07-03,NA,NA,NA,NA,NA,NA,NA,NA,NA,NA,NA,NA,NA,NA
"131",0.89360990686824,0.227141430329345,"AZ",2024-07-04,1,1,0,1,1,1,1,1,1,0,1,1,0,1
"132",0.6921338809933,0.388957259766391,"AZ",2024-07-05,1,1,1,1,1,1,1,0,0,0,1,0,1,1
"133",2.06253239890943,0.446479534210652,"AZ",2024-07-06,1,1,1,1,0,1,1,0,1,1,1,0,1,1
"134",0.926126323018329,0.38227166799134,"AZ",2024-07-07,1,1,1,1,1,1,1,1,0,1,1,0,1,1
"135",7.40828651485548,0.412909438590284,"AZ",2024-07-08,0,1,0,1,1,1,1,0,0,0,0,0,0,0
"136",3.89187545974541,0.374378183376805,"AZ",2024-07-09,1,0,1,1,1,1,1,0,0,0,1,0,0,1
"137",2.97040185656728,0.401847184030214,"AZ",2024-07-10,1,1,0,1,1,1,1,1,0,0,1,0,1,1
"138",0.837913465999571,0.399095185818497,"AZ",2024-07-11,1,1,1,1,1,1,1,0,0,0,1,1,1,1
"139",0.724058809247611,0.408797884890755,"AZ",2024-07-12,1,1,1,1,1,1,1,0,0,1,1,0,1,1
"140",NA,NA,"AZ",2024-07-13,NA,NA,NA,NA,NA,NA,NA,NA,NA,NA,NA,NA,NA,NA
"141",1.05042057351051,0.517543377343816,"AZ",2024-07-14,1,1,1,1,1,0,1,0,0,0,1,1,0,1
"142",2.07435012611308,0.408178021882134,"AZ",2024-07-15,0,0,1,1,1,1,1,0,0,1,1,1,1,1
"143",2.53663556639941,0.415669323429597,"AZ",2024-07-16,1,0,0,1,1,1,1,0,0,0,1,0,0,1
"144",3.84189582036081,0.411057206850022,"AZ",2024-07-17,0,1,0,1,0,0,1,0,0,0,0,1,0,1
"145",5.08905114520606,0.49822278926547,"AZ",2024-07-18,0,0,0,1,1,1,1,0,0,0,1,0,1,1
"146",1.0321287306382,0.48866261607505,"AZ",2024-07-19,1,1,0,1,1,1,1,1,0,0,1,1,1,1
"147",1.2689409075413,0.422065607683543,"AZ",2024-07-20,1,0,1,1,1,1,1,0,0,0,1,0,1,1
"148",4.25529857421001,0.528049441110304,"AZ",2024-07-21,0,1,0,1,0,0,1,0,1,0,1,0,0,1
"149",5.09396427083928,0.420415564821692,"AZ",2024-07-22,0,1,0,1,0,1,1,0,1,0,1,0,0,1
"150",2.16691704318242,0.418383378824774,"AZ",2024-07-23,1,1,1,1,1,1,0,1,0,1,1,0,0,0
"151",5.87158457925524,0.480020710062763,"AZ",2024-07-24,0,0,0,1,0,1,1,0,0,0,1,0,1,1
"152",1.29175862174902,0.402605149977995,"AZ",2024-07-25,1,0,1,1,1,1,1,1,0,1,1,1,0,1
"153",1.41783207082391,0.45509804448517,"AZ",2024-07-26,0,1,1,1,1,1,1,0,0,0,1,1,0,1
"154",2.60640598697411,0.557117917953764,"AZ",2024-07-27,0,1,0,1,1,0,1,0,0,0,1,0,0,1
"155",2.56693130372795,0.434906522421372,"AZ",2024-07-28,1,0,0,1,1,1,0,0,0,0,1,1,0,0
"156",5.24175472701758,0.44496051344501,"AZ",2024-07-29,0,1,0,1,0,1,0,0,0,0,1,0,0,0
"157",2.25461095882154,0.452879883481155,"AZ",2024-07-30,1,0,0,1,1,0,1,0,0,0,1,0,0,1
"158",1.3693369516244,0.347815099385191,"AZ",2024-07-31,1,1,1,1,1,1,1,0,0,1,0,0,1,1
"159",0.562072198235959,0.260019437595757,"AZ",2024-08-01,1,1,1,1,1,1,1,1,1,0,1,0,1,1
"160",0.747716192168014,0.538122083772169,"AZ",2024-08-02,1,0,1,1,1,1,1,1,1,1,1,1,1,1
"161",2.1276858278751,0.422388518236056,"AZ",2024-08-03,0,1,0,1,1,1,1,0,1,0,1,0,1,1
"162",2.40661118553152,0.507298324402228,"AZ",2024-08-04,1,0,0,1,0,0,1,0,0,0,1,0,0,1
"163",5.21712108024468,0.513212241027635,"AZ",2024-08-05,0,1,0,1,0,1,1,0,0,1,1,0,1,1
"164",6.46964712139287,0.450760870680504,"AZ",2024-08-06,0,1,0,1,1,1,1,0,0,0,1,0,0,1
"165",7.82737959346003,0.460992791274645,"AZ",2024-08-07,0,1,0,1,1,1,0,0,0,0,1,0,0,0
"166",1.46541843600531,0.400884158264946,"AZ",2024-08-08,0,1,1,1,1,1,1,0,1,0,1,0,0,1
"167",2.12897391479387,0.405665476444909,"AZ",2024-08-09,0,1,1,1,1,1,1,0,0,0,1,0,0,1
"168",1.38647901699112,0.471610424544985,"AZ",2024-08-10,1,1,1,1,1,1,0,1,0,0,1,0,0,0
"169",10.30961279953,0.388150795976178,"CA",2024-06-30,0,0,0,1,1,1,1,0,0,0,0,0,1,1
"170",12.3594815726188,0.370844159363379,"CA",2024-07-01,1,0,1,1,0,0,1,0,0,0,1,0,0,0
"171",5.41587240933633,0.38848195195551,"CA",2024-07-02,1,1,1,1,1,1,1,0,0,0,1,0,0,0
"172",6.23795683237814,0.387851078634014,"CA",2024-07-03,1,0,1,1,1,1,1,0,0,0,0,0,0,0
"173",2.12999508408466,0.380723639154007,"CA",2024-07-04,1,1,1,1,1,1,1,0,0,0,1,0,1,0
"174",7.5408899328321,0.402261494902448,"CA",2024-07-05,0,1,1,1,1,1,1,0,0,0,0,0,0,0
"175",6.20337678782073,0.399616790889062,"CA",2024-07-06,0,1,0,1,1,1,1,0,0,0,0,0,0,0
"176",8.07816901848946,0.392261370304823,"CA",2024-07-07,0,1,1,1,1,1,1,0,0,0,0,0,0,1
"177",10.8368853898196,0.413622790117758,"CA",2024-07-08,0,1,0,1,1,1,0,0,0,0,0,1,0,0
"178",16.3430577558977,0.42140710183591,"CA",2024-07-09,0,1,0,1,1,1,0,0,0,0,1,0,1,0
"179",10.9765195037891,0.416624485017092,"CA",2024-07-10,1,0,0,1,0,1,1,0,0,0,1,0,0,0
"180",11.1128764221044,0.420724502579095,"CA",2024-07-11,0,0,0,1,1,0,0,0,0,0,1,0,0,1
"181",13.5600404811098,0.407819610188398,"CA",2024-07-12,0,1,0,1,1,1,1,0,0,0,0,0,0,0
"182",5.4014649683953,0.414806240081948,"CA",2024-07-13,1,0,0,1,1,1,0,0,0,0,1,0,0,0
"183",12.5090970279768,0.411105255237275,"CA",2024-07-14,0,1,0,1,1,0,0,0,0,0,0,0,1,0
"184",11.305921473392,0.413775799824969,"CA",2024-07-15,0,0,0,0,1,1,0,0,0,0,1,0,0,0
"185",19.4142326773183,0.432592161435415,"CA",2024-07-16,0,0,0,0,1,1,0,0,0,0,0,0,0,0
"186",8.59069977225468,0.415072683141348,"CA",2024-07-17,0,1,0,1,0,1,1,0,0,0,0,0,0,1
"187",9.06044834779307,0.398027330366412,"CA",2024-07-18,0,1,1,1,0,1,0,0,0,0,0,0,0,0
"188",4.46116797092333,0.421624397870249,"CA",2024-07-19,0,1,0,1,1,1,1,0,0,0,0,0,0,1
"189",5.86052645875512,0.404911234179933,"CA",2024-07-20,0,0,1,1,1,1,0,0,0,0,0,0,0,0
"190",13.807236503475,0.443194049297763,"CA",2024-07-21,0,0,0,1,0,1,1,0,0,0,1,0,0,1
"191",19.2717191876141,0.427067596778678,"CA",2024-07-22,0,0,0,1,1,1,1,0,0,0,0,0,0,0
"192",15.6355059701718,0.425994732756557,"CA",2024-07-23,0,1,0,1,0,1,1,0,0,0,1,0,0,1
"193",18.1399635098428,0.448497796872837,"CA",2024-07-24,0,1,0,0,1,0,1,0,0,0,0,0,0,1
"194",12.7303966060076,0.436190706391418,"CA",2024-07-25,0,1,0,0,1,1,0,0,0,0,0,0,0,0
"195",13.8725325589529,0.452745560943288,"CA",2024-07-26,0,0,0,1,0,1,0,0,0,0,1,0,0,0
"196",9.02269008086535,0.435400709735734,"CA",2024-07-27,0,0,0,1,1,1,1,0,0,0,1,1,0,1
"197",3.74088673064432,0.384026905671171,"CA",2024-07-28,1,1,1,0,1,1,1,0,0,0,0,0,0,1
"198",13.4738628902439,0.455198323310474,"CA",2024-07-29,0,0,0,1,0,1,0,0,0,0,1,0,0,0
"199",14.7923682098004,0.446754938758623,"CA",2024-07-30,0,1,0,1,1,0,0,0,1,0,0,0,0,0
"200",8.64147158079011,0.41428702690883,"CA",2024-07-31,0,1,1,0,0,0,0,0,0,0,1,0,0,0
"201",12.5822869524494,0.437401936753936,"CA",2024-08-01,0,1,0,1,1,1,1,0,0,0,1,0,0,1
"202",9.56757917241663,0.438548866913263,"CA",2024-08-02,0,0,0,1,0,1,1,0,0,0,1,0,0,1
"203",4.63500414484136,0.400353185387714,"CA",2024-08-03,0,1,1,1,0,0,1,0,1,0,1,0,0,1
"204",18.368017799774,0.439758897611165,"CA",2024-08-04,0,1,0,1,0,1,1,0,0,0,0,0,0,1
"205",36.5711450948778,0.453214133985429,"CA",2024-08-05,0,0,0,1,0,1,0,0,0,0,1,0,0,0
"206",18.1103218968343,0.442579457432499,"CA",2024-08-06,0,0,0,1,0,1,0,0,0,0,0,0,1,0
"207",21.3357166772204,0.445536342704114,"CA",2024-08-07,0,0,1,1,0,1,0,0,0,0,1,0,0,0
"208",11.3466603413106,0.435993665075612,"CA",2024-08-08,0,0,1,1,0,1,1,0,0,0,1,0,0,1
"209",17.7032357451124,0.434216378507603,"CA",2024-08-09,0,0,0,1,0,0,0,0,1,0,1,0,0,0
"210",19.6194102059217,0.475571289348495,"CA",2024-08-10,0,0,0,1,0,0,1,0,0,0,0,0,0,1
"211",NA,NA,"CO",2024-06-30,NA,NA,NA,NA,NA,NA,NA,NA,NA,NA,NA,NA,NA,NA
"212",0.479498583562018,0.2915992390443,"CO",2024-07-01,1,1,1,1,1,1,1,1,0,0,1,1,1,1
"213",NA,NA,"CO",2024-07-02,NA,NA,NA,NA,NA,NA,NA,NA,NA,NA,NA,NA,NA,NA
"214",NA,NA,"CO",2024-07-03,NA,NA,NA,NA,NA,NA,NA,NA,NA,NA,NA,NA,NA,NA
"215",NA,NA,"CO",2024-07-04,NA,NA,NA,NA,NA,NA,NA,NA,NA,NA,NA,NA,NA,NA
"216",0.434372838979578,0.355434962987796,"CO",2024-07-05,1,1,1,1,1,1,1,1,1,1,1,1,1,1
"217",NA,NA,"CO",2024-07-06,NA,NA,NA,NA,NA,NA,NA,NA,NA,NA,NA,NA,NA,NA
"218",NA,NA,"CO",2024-07-07,NA,NA,NA,NA,NA,NA,NA,NA,NA,NA,NA,NA,NA,NA
"219",0.415706308907197,0.350045438497428,"CO",2024-07-08,1,1,1,1,1,1,1,1,1,1,1,1,1,1
"220",NA,NA,"CO",2024-07-09,NA,NA,NA,NA,NA,NA,NA,NA,NA,NA,NA,NA,NA,NA
"221",0.446440577880586,0.347233789326719,"CO",2024-07-10,1,1,1,1,1,1,1,0,1,0,1,1,1,1
"222",0.737213626324955,0.386287632381384,"CO",2024-07-11,1,1,1,1,1,1,1,1,1,1,1,1,1,1
"223",0.624044814390576,0.448797175986658,"CO",2024-07-12,1,1,1,1,0,1,1,1,0,1,1,0,1,1
"224",NA,NA,"CO",2024-07-13,NA,NA,NA,NA,NA,NA,NA,NA,NA,NA,NA,NA,NA,NA
"225",NA,NA,"CO",2024-07-14,NA,NA,NA,NA,NA,NA,NA,NA,NA,NA,NA,NA,NA,NA
"226",0.751584541694849,0.402710747440257,"CO",2024-07-15,1,1,1,1,1,1,1,0,1,0,1,1,0,1
"227",1.36440069876692,0.435815258484813,"CO",2024-07-16,1,1,1,1,1,0,1,1,1,1,1,0,0,1
"228",0.970207482676116,0.481080130930795,"CO",2024-07-17,0,1,1,1,1,1,1,0,0,1,1,1,1,1
"229",1.54001736233871,0.453272517828794,"CO",2024-07-18,0,1,1,1,1,1,1,0,0,0,1,0,1,1
"230",0.754255925973334,0.534703408316092,"CO",2024-07-19,0,1,1,1,1,1,1,0,1,1,1,1,0,1
"231",NA,NA,"CO",2024-07-20,NA,NA,NA,NA,NA,NA,NA,NA,NA,NA,NA,NA,NA,NA
"232",NA,NA,"CO",2024-07-21,NA,NA,NA,NA,NA,NA,NA,NA,NA,NA,NA,NA,NA,NA
"233",NA,NA,"CO",2024-07-22,NA,NA,NA,NA,NA,NA,NA,NA,NA,NA,NA,NA,NA,NA
"234",0.914546476390668,0.354139010298642,"CO",2024-07-23,1,1,0,1,1,1,1,0,1,0,1,1,0,1
"235",0.676541748069258,0.367326610190026,"CO",2024-07-24,1,1,1,1,1,1,1,1,0,0,1,0,0,1
"236",0.837741001488683,0.389686045445325,"CO",2024-07-25,1,1,1,1,1,1,1,1,0,0,1,0,0,1
"237",0.492249825984934,0.346451818359514,"CO",2024-07-26,1,1,1,1,1,1,1,1,1,1,1,1,1,1
"238",NA,NA,"CO",2024-07-27,NA,NA,NA,NA,NA,NA,NA,NA,NA,NA,NA,NA,NA,NA
"239",NA,NA,"CO",2024-07-28,NA,NA,NA,NA,NA,NA,NA,NA,NA,NA,NA,NA,NA,NA
"240",0.71268352964861,0.399618597002934,"CO",2024-07-29,1,1,1,1,1,1,1,1,1,0,1,1,0,1
"241",NA,NA,"CO",2024-07-30,NA,NA,NA,NA,NA,NA,NA,NA,NA,NA,NA,NA,NA,NA
"242",0.640245323630895,0.411167663490092,"CO",2024-07-31,1,0,1,1,1,1,1,1,0,1,1,0,1,1
"243",NA,NA,"CO",2024-08-01,NA,NA,NA,NA,NA,NA,NA,NA,NA,NA,NA,NA,NA,NA
"244",0.391019231186744,0.291217522436306,"CO",2024-08-02,1,1,1,1,1,1,1,0,1,1,1,0,1,1
"245",NA,NA,"CO",2024-08-03,NA,NA,NA,NA,NA,NA,NA,NA,NA,NA,NA,NA,NA,NA
"246",NA,NA,"CO",2024-08-04,NA,NA,NA,NA,NA,NA,NA,NA,NA,NA,NA,NA,NA,NA
"247",NA,NA,"CO",2024-08-05,NA,NA,NA,NA,NA,NA,NA,NA,NA,NA,NA,NA,NA,NA
"248",0.353394121767238,0.260091035044935,"CO",2024-08-06,1,1,1,1,1,1,1,1,1,1,1,1,1,1
"249",2.42469070415346,0.515955849474734,"CO",2024-08-07,0,0,0,1,0,1,1,0,0,0,1,0,0,1
"250",NA,NA,"CO",2024-08-08,NA,NA,NA,NA,NA,NA,NA,NA,NA,NA,NA,NA,NA,NA
"251",NA,NA,"CO",2024-08-09,NA,NA,NA,NA,NA,NA,NA,NA,NA,NA,NA,NA,NA,NA
"252",NA,NA,"CO",2024-08-10,NA,NA,NA,NA,NA,NA,NA,NA,NA,NA,NA,NA,NA,NA
"253",0.900859813871146,0.326115178287827,"CT",2024-06-30,1,1,1,1,1,1,1,0,0,0,1,1,0,1
"254",0.962722403312886,0.287409528096025,"CT",2024-07-01,0,1,1,1,1,1,1,0,1,1,1,1,0,1
"255",0.683267421114583,0.376669229605472,"CT",2024-07-02,1,1,1,1,1,1,1,0,0,1,1,1,0,1
"256",0.922556655895792,0.425045872586032,"CT",2024-07-03,1,1,1,1,0,1,1,1,1,0,1,0,1,1
"257",0.63176605273981,0.452133634892775,"CT",2024-07-04,1,1,1,1,1,0,1,1,1,0,1,1,0,1
"258",0.61344934253847,0.416237174522531,"CT",2024-07-05,1,0,1,1,1,1,1,1,0,0,1,1,1,1
"259",0.723261631494058,0.383123330309031,"CT",2024-07-06,1,1,1,1,1,1,1,1,1,0,1,1,0,1
"260",NA,NA,"CT",2024-07-07,NA,NA,NA,NA,NA,NA,NA,NA,NA,NA,NA,NA,NA,NA
"261",NA,NA,"CT",2024-07-08,NA,NA,NA,NA,NA,NA,NA,NA,NA,NA,NA,NA,NA,NA
"262",1.33924831253281,0.430736116343786,"CT",2024-07-09,1,1,1,1,1,0,1,0,1,0,1,1,0,1
"263",0.699863544609257,0.393318300402082,"CT",2024-07-10,1,1,1,1,1,1,1,0,1,0,1,1,1,1
"264",NA,NA,"CT",2024-07-11,NA,NA,NA,NA,NA,NA,NA,NA,NA,NA,NA,NA,NA,NA
"265",0.471627099209472,0.347546828960032,"CT",2024-07-12,1,1,1,1,1,1,1,1,1,1,1,1,1,1
"266",NA,NA,"CT",2024-07-13,NA,NA,NA,NA,NA,NA,NA,NA,NA,NA,NA,NA,NA,NA
"267",0.485625918441814,0.343240691236212,"CT",2024-07-14,1,1,1,1,1,1,1,1,1,1,1,1,1,1
"268",0.635493453036094,0.442957915248071,"CT",2024-07-15,1,1,1,1,0,1,1,1,1,0,1,0,1,1
"269",1.26764153679621,0.421458141439698,"CT",2024-07-16,1,1,1,1,1,0,1,0,1,1,1,0,0,1
"270",1.33862138097244,0.420280071859257,"CT",2024-07-17,1,0,1,1,1,1,1,1,0,1,1,1,0,1
"271",0.577527907966756,0.421898757800104,"CT",2024-07-18,1,1,1,1,0,1,1,1,1,0,1,0,1,1
"272",NA,NA,"CT",2024-07-19,NA,NA,NA,NA,NA,NA,NA,NA,NA,NA,NA,NA,NA,NA
"273",0.828952779370467,0.428580615129599,"CT",2024-07-20,1,1,1,1,1,1,1,1,0,1,1,0,1,1
"274",NA,NA,"CT",2024-07-21,NA,NA,NA,NA,NA,NA,NA,NA,NA,NA,NA,NA,NA,NA
"275",NA,NA,"CT",2024-07-22,NA,NA,NA,NA,NA,NA,NA,NA,NA,NA,NA,NA,NA,NA
"276",1.96557153514261,0.41394659284096,"CT",2024-07-23,0,1,1,1,1,1,1,0,0,0,1,1,0,1
"277",0.65828341868808,0.375523471547537,"CT",2024-07-24,1,1,1,1,1,1,1,1,1,0,1,1,0,1
"278",0.670665750413703,0.448864801601509,"CT",2024-07-25,0,1,1,1,1,1,1,0,1,0,1,1,1,1
"279",0.482922988594629,0.36233102223137,"CT",2024-07-26,1,1,1,1,1,1,1,1,1,1,1,1,1,1
"280",NA,NA,"CT",2024-07-27,NA,NA,NA,NA,NA,NA,NA,NA,NA,NA,NA,NA,NA,NA
"281",NA,NA,"CT",2024-07-28,NA,NA,NA,NA,NA,NA,NA,NA,NA,NA,NA,NA,NA,NA
"282",1.56262840354389,0.459728118882066,"CT",2024-07-29,0,1,1,1,1,1,1,1,1,1,1,0,0,1
"283",NA,NA,"CT",2024-07-30,NA,NA,NA,NA,NA,NA,NA,NA,NA,NA,NA,NA,NA,NA
"284",0.526940201848619,0.345590377963305,"CT",2024-07-31,1,1,0,1,1,1,1,0,1,0,1,1,1,1
"285",1.48171051468746,0.444244612459997,"CT",2024-08-01,1,0,1,1,1,1,1,1,0,0,1,0,0,1
"286",NA,NA,"CT",2024-08-02,NA,NA,NA,NA,NA,NA,NA,NA,NA,NA,NA,NA,NA,NA
"287",0.937151337163193,0.466500234204835,"CT",2024-08-03,0,1,1,1,1,1,1,1,1,1,1,0,0,1
"288",NA,NA,"CT",2024-08-04,NA,NA,NA,NA,NA,NA,NA,NA,NA,NA,NA,NA,NA,NA
"289",1.33038851580105,0.43093664032006,"CT",2024-08-05,1,1,1,1,1,0,1,1,0,0,1,1,0,1
"290",0.741210990653187,0.388751225078229,"CT",2024-08-06,0,1,1,1,1,1,1,0,1,1,1,1,0,1
"291",1.07978107832293,0.437258426398506,"CT",2024-08-07,1,1,1,1,1,1,1,0,0,0,1,0,1,1
"292",1.32510950254786,0.379698631503025,"CT",2024-08-08,1,1,0,1,1,1,1,0,0,0,1,0,0,1
"293",NA,NA,"CT",2024-08-09,NA,NA,NA,NA,NA,NA,NA,NA,NA,NA,NA,NA,NA,NA
"294",NA,NA,"CT",2024-08-10,NA,NA,NA,NA,NA,NA,NA,NA,NA,NA,NA,NA,NA,NA
"295",0.583162169687474,0.347426968000056,"DC",2024-06-30,1,1,1,1,1,1,1,0,0,1,1,1,1,1
"296",0.608739442021388,0.350126321787269,"DC",2024-07-01,1,1,1,1,1,1,1,1,1,1,1,1,1,1
"297",0.762394385573246,0.549708922443666,"DC",2024-07-02,1,1,1,1,0,1,1,0,1,1,1,0,1,1
"298",0.764711065364616,0.544283530632053,"DC",2024-07-03,1,1,1,1,0,1,1,0,1,1,1,0,1,1
"299",0.719877101363342,0.530992979288076,"DC",2024-07-04,1,1,1,1,1,0,1,1,1,0,1,1,0,1
"300",NA,NA,"DC",2024-07-05,NA,NA,NA,NA,NA,NA,NA,NA,NA,NA,NA,NA,NA,NA
"301",NA,NA,"DC",2024-07-06,NA,NA,NA,NA,NA,NA,NA,NA,NA,NA,NA,NA,NA,NA
"302",NA,NA,"DC",2024-07-07,NA,NA,NA,NA,NA,NA,NA,NA,NA,NA,NA,NA,NA,NA
"303",NA,NA,"DC",2024-07-08,NA,NA,NA,NA,NA,NA,NA,NA,NA,NA,NA,NA,NA,NA
"304",NA,NA,"DC",2024-07-09,NA,NA,NA,NA,NA,NA,NA,NA,NA,NA,NA,NA,NA,NA
"305",NA,NA,"DC",2024-07-10,NA,NA,NA,NA,NA,NA,NA,NA,NA,NA,NA,NA,NA,NA
"306",0.714962459430454,0.383175933519653,"DC",2024-07-11,1,1,1,1,1,1,1,0,0,0,1,1,1,1
"307",1.34041992386942,0.392010635453384,"DC",2024-07-12,0,1,1,1,1,1,1,0,1,1,1,0,1,1
"308",0.649265701052876,0.485387946367898,"DC",2024-07-13,1,1,1,1,0,1,1,0,1,1,1,0,1,1
"309",NA,NA,"DC",2024-07-14,NA,NA,NA,NA,NA,NA,NA,NA,NA,NA,NA,NA,NA,NA
"310",0.814528572341291,0.412878934992218,"DC",2024-07-15,1,1,1,1,1,1,1,0,0,0,1,0,1,1
"311",0.916931147440514,0.345653807538867,"DC",2024-07-16,1,1,0,1,1,1,1,0,0,0,1,0,1,1
"312",0.420958853648774,0.292570288121998,"DC",2024-07-17,1,1,1,1,1,1,1,1,0,0,1,1,1,1
"313",0.596918798180714,0.374470513738259,"DC",2024-07-18,0,1,1,1,1,1,1,0,1,1,1,1,0,1
"314",1.2959149283695,0.402827048038827,"DC",2024-07-19,0,1,1,1,1,1,1,0,0,0,1,0,1,1
"315",NA,NA,"DC",2024-07-20,NA,NA,NA,NA,NA,NA,NA,NA,NA,NA,NA,NA,NA,NA
"316",NA,NA,"DC",2024-07-21,NA,NA,NA,NA,NA,NA,NA,NA,NA,NA,NA,NA,NA,NA
"317",NA,NA,"DC",2024-07-22,NA,NA,NA,NA,NA,NA,NA,NA,NA,NA,NA,NA,NA,NA
"318",0.728859804077123,0.498178543424452,"DC",2024-07-23,1,1,1,1,1,0,1,1,1,1,1,1,1,1
"319",NA,NA,"DC",2024-07-24,NA,NA,NA,NA,NA,NA,NA,NA,NA,NA,NA,NA,NA,NA
"320",0.924452174938963,0.455089953374206,"DC",2024-07-25,1,1,1,1,1,1,1,1,0,0,1,1,0,1
"321",0.686895152068516,0.430828912223929,"DC",2024-07-26,0,1,1,1,1,1,1,0,1,0,1,1,1,1
"322",NA,NA,"DC",2024-07-27,NA,NA,NA,NA,NA,NA,NA,NA,NA,NA,NA,NA,NA,NA
"323",0.736055682524506,0.426865831967414,"DC",2024-07-28,1,1,1,1,1,1,1,0,1,1,1,0,1,1
"324",1.09690127644101,0.353562311630038,"DC",2024-07-29,1,1,0,1,1,1,1,0,1,0,1,0,0,1
"325",1.50841123706639,0.499121519879526,"DC",2024-07-30,1,1,1,1,1,0,1,1,1,0,1,1,0,1
"326",0.429266622864267,0.283171690653483,"DC",2024-07-31,1,1,1,1,1,1,1,1,1,1,1,1,1,1
"327",1.35650694466061,0.43365097382539,"DC",2024-08-01,1,0,1,1,1,1,1,1,0,1,1,0,1,1
"328",NA,NA,"DC",2024-08-02,NA,NA,NA,NA,NA,NA,NA,NA,NA,NA,NA,NA,NA,NA
"329",NA,NA,"DC",2024-08-03,NA,NA,NA,NA,NA,NA,NA,NA,NA,NA,NA,NA,NA,NA
"330",NA,NA,"DC",2024-08-04,NA,NA,NA,NA,NA,NA,NA,NA,NA,NA,NA,NA,NA,NA
"331",0.723790792747806,0.41004892506778,"DC",2024-08-05,1,0,1,1,1,1,1,1,0,0,1,1,1,1
"332",1.32270260776169,0.507934311030058,"DC",2024-08-06,0,1,1,1,1,1,1,1,0,0,1,1,1,1
"333",0.587503830016798,0.370842616747239,"DC",2024-08-07,1,1,1,1,1,1,1,1,0,0,1,0,1,1
"334",0.812650684725263,0.519697185954531,"DC",2024-08-08,0,1,1,1,1,1,1,0,1,1,1,0,1,1
"335",NA,NA,"DC",2024-08-09,NA,NA,NA,NA,NA,NA,NA,NA,NA,NA,NA,NA,NA,NA
"336",0.792928860428759,0.299288200144145,"DC",2024-08-10,1,1,0,1,1,1,1,1,0,0,1,1,1,1
"337",0.747202925634063,0.395469360730982,"DE",2024-06-30,1,1,1,1,1,1,1,0,1,0,1,0,0,1
"338",1.06326319069987,0.392604903243072,"DE",2024-07-01,1,1,1,1,1,1,1,0,0,0,1,1,0,1
"339",0.598390680195766,0.363059621121623,"DE",2024-07-02,1,1,1,1,1,1,1,1,0,0,1,1,0,1
"340",1.76796359973238,0.365048400916682,"DE",2024-07-03,0,1,1,1,1,1,1,0,1,0,1,1,1,1
"341",NA,NA,"DE",2024-07-04,NA,NA,NA,NA,NA,NA,NA,NA,NA,NA,NA,NA,NA,NA
"342",NA,NA,"DE",2024-07-05,NA,NA,NA,NA,NA,NA,NA,NA,NA,NA,NA,NA,NA,NA
"343",1.47808176824542,0.362999488279734,"DE",2024-07-06,1,1,1,1,1,1,1,0,0,0,1,0,1,1
"344",1.41973354247257,0.415816072222526,"DE",2024-07-07,1,1,1,1,1,0,1,1,1,0,1,0,0,1
"345",1.34313443725904,0.426197736262945,"DE",2024-07-08,1,1,0,1,1,1,1,0,0,1,1,0,1,1
"346",1.05534976228919,0.40011794881127,"DE",2024-07-09,1,1,1,1,1,0,1,0,1,0,1,0,0,1
"347",0.734994838728585,0.398755325135803,"DE",2024-07-10,1,1,1,1,0,1,1,1,0,0,1,0,0,1
"348",0.754828401882378,0.405141554971193,"DE",2024-07-11,1,1,1,1,1,1,1,1,1,1,1,1,1,1
"349",1.84967709794887,0.393672793963644,"DE",2024-07-12,0,1,1,1,1,1,1,0,0,0,1,0,1,1
"350",1.63464364675739,0.414578122697173,"DE",2024-07-13,1,1,1,1,1,1,1,0,0,0,1,0,0,1
"351",0.919280746047265,0.411450688898656,"DE",2024-07-14,1,1,1,1,1,1,1,1,0,0,0,0,1,1
"352",0.978664199471105,0.433079446271535,"DE",2024-07-15,1,1,1,1,1,1,1,0,1,0,1,1,1,1
"353",NA,NA,"DE",2024-07-16,NA,NA,NA,NA,NA,NA,NA,NA,NA,NA,NA,NA,NA,NA
"354",NA,NA,"DE",2024-07-17,NA,NA,NA,NA,NA,NA,NA,NA,NA,NA,NA,NA,NA,NA
"355",0.919379976372984,0.408896793585315,"DE",2024-07-18,1,1,1,1,1,1,1,0,0,1,1,1,1,1
"356",0.560985526626517,0.427970506729023,"DE",2024-07-19,1,1,1,1,1,0,1,1,0,1,1,1,0,1
"357",2.04927526100037,0.39816857570802,"DE",2024-07-20,1,0,1,1,0,1,1,0,0,0,1,0,0,1
"358",2.20932965532576,0.427067256439792,"DE",2024-07-21,0,1,0,1,1,1,1,0,0,0,1,1,0,1
"359",2.18540083883446,0.455462440377542,"DE",2024-07-22,0,1,0,1,1,1,1,0,0,1,1,0,0,1
"360",2.11958132248452,0.36869657921136,"DE",2024-07-23,1,1,0,1,1,0,1,1,1,0,1,1,0,1
"361",1.67200566196543,0.300492814724894,"DE",2024-07-24,1,1,0,1,1,1,1,0,1,0,1,1,0,1
"362",1.33850692851786,0.425409883593936,"DE",2024-07-25,0,1,1,1,1,1,1,0,0,0,1,0,0,1
"363",1.70422342909989,0.447536075316237,"DE",2024-07-26,0,1,0,1,1,1,1,0,1,1,1,0,1,1
"364",1.00341687657936,0.401431015736577,"DE",2024-07-27,1,1,1,1,1,1,1,1,0,0,1,1,1,1
"365",3.06568806339195,0.401298549076195,"DE",2024-07-28,0,0,1,1,1,1,1,0,0,0,1,1,0,1
"366",1.56651944435889,0.41495032212029,"DE",2024-07-29,0,1,1,1,1,1,1,0,1,1,1,1,0,1
"367",2.13979372049664,0.448715880117191,"DE",2024-07-30,0,1,1,1,1,1,1,0,0,1,1,0,0,1
"368",1.50447037108509,0.407108534419373,"DE",2024-07-31,1,0,1,1,1,1,1,0,0,0,1,1,0,1
"369",2.14000296294386,0.396991006286301,"DE",2024-08-01,0,1,1,1,1,1,1,0,1,1,1,0,1,1
"370",2.52105523705862,0.426732190705053,"DE",2024-08-02,0,1,1,1,1,0,1,0,1,0,1,1,0,1
"371",1.11536188964815,0.387988167908686,"DE",2024-08-03,1,1,1,1,1,1,1,1,0,1,1,1,0,1
"372",2.42298525095857,0.40494310874229,"DE",2024-08-04,0,1,1,1,1,0,1,0,1,0,1,0,0,1
"373",2.06934067316022,0.388109019890952,"DE",2024-08-05,1,1,1,1,1,0,0,1,0,1,1,1,0,0
"374",2.10968891546294,0.354877693450139,"DE",2024-08-06,1,1,1,1,0,1,1,1,1,1,1,0,0,1
"375",2.08643409352415,0.411271939806502,"DE",2024-08-07,0,0,1,1,1,1,1,0,0,0,0,0,0,1
"376",3.22855593478121,0.441301170405863,"DE",2024-08-08,0,1,0,1,1,0,0,0,1,0,1,0,0,0
"377",2.99924475257981,0.468850534022429,"DE",2024-08-09,1,0,0,0,1,1,1,0,1,0,0,0,0,1
"378",0.990388885264389,0.461366171683877,"DE",2024-08-10,0,1,1,1,1,1,1,0,0,0,1,0,1,1
"379",4.00052833972223,0.37756193951591,"FL",2024-06-30,0,1,1,1,1,0,1,0,0,0,1,0,0,1
"380",4.12588239156603,0.401310443028151,"FL",2024-07-01,1,1,0,1,0,1,0,0,0,0,1,0,0,1
"381",3.47445147452779,0.383438219694494,"FL",2024-07-02,0,1,1,1,1,1,1,0,0,0,1,0,0,1
"382",3.50037124746047,0.395888557719159,"FL",2024-07-03,0,1,1,1,1,1,1,0,0,0,1,0,0,1
"383",NA,NA,"FL",2024-07-04,NA,NA,NA,NA,NA,NA,NA,NA,NA,NA,NA,NA,NA,NA
"384",2.16505067715363,0.37091463306377,"FL",2024-07-05,1,0,1,1,1,1,1,0,0,0,1,1,0,1
"385",1.81391462303142,0.399760108238585,"FL",2024-07-06,1,1,1,1,0,1,1,1,0,1,1,0,0,1
"386",NA,NA,"FL",2024-07-07,NA,NA,NA,NA,NA,NA,NA,NA,NA,NA,NA,NA,NA,NA
"387",5.89400276120706,0.405385781176261,"FL",2024-07-08,1,1,1,1,0,1,1,0,0,1,1,0,0,1
"388",4.45593807676865,0.393850781009275,"FL",2024-07-09,1,0,1,1,1,1,1,0,0,0,1,0,0,1
"389",4.61533946405051,0.399759684319707,"FL",2024-07-10,0,1,0,1,1,1,1,0,1,0,1,0,0,1
"390",3.36310929308217,0.395968569643669,"FL",2024-07-11,0,1,1,1,1,1,1,0,0,1,1,1,1,1
"391",4.475040026326,0.40919378642296,"FL",2024-07-12,0,1,0,1,0,1,0,0,0,0,1,0,0,0
"392",2.40417493789398,0.4213505072641,"FL",2024-07-13,1,1,1,1,0,1,1,1,0,1,1,0,0,1
"393",2.27505770603949,0.444048860393799,"FL",2024-07-14,1,1,1,1,0,0,1,1,1,0,1,0,0,1
"394",6.37644135443174,0.408129812785049,"FL",2024-07-15,0,0,1,1,1,1,1,1,0,0,1,0,0,0
"395",5.641897293374,0.408721312279522,"FL",2024-07-16,0,1,1,1,1,1,1,0,0,1,1,0,0,0
"396",2.55184139303794,0.416683832094889,"FL",2024-07-17,0,0,1,1,0,1,1,1,0,0,1,0,0,1
"397",4.31894513278502,0.409793903434089,"FL",2024-07-18,1,1,0,1,0,1,1,0,0,0,1,0,0,1
"398",4.50615303410267,0.413468819302788,"FL",2024-07-19,0,0,0,1,0,0,1,0,0,1,1,0,0,1
"399",1.33314290214414,0.400566147564996,"FL",2024-07-20,0,1,1,1,1,1,1,0,0,0,1,1,1,1
"400",2.48258389528546,0.469179151216754,"FL",2024-07-21,0,1,1,1,0,0,1,1,0,1,1,0,1,1
"401",3.48311792056978,0.406667131956238,"FL",2024-07-22,1,0,1,1,0,1,1,0,0,0,1,0,1,1
"402",8.10521000886685,0.424513991300007,"FL",2024-07-23,0,1,0,1,0,0,1,0,1,0,1,0,0,0
"403",3.98582194159417,0.406711422332828,"FL",2024-07-24,0,1,0,1,0,1,1,0,0,0,1,0,0,1
"404",2.78882411465426,0.421367537728307,"FL",2024-07-25,0,1,1,1,1,1,0,0,0,0,1,0,0,0
"405",4.72796799828435,0.408395930365207,"FL",2024-07-26,0,0,0,1,1,1,1,0,0,0,1,0,0,1
"406",3.61061702953021,0.423481779478401,"FL",2024-07-27,0,1,0,1,0,1,1,0,0,0,1,0,0,1
"407",1.87786748249091,0.424633466879542,"FL",2024-07-28,0,1,1,1,1,0,1,0,0,1,1,0,1,1
"408",3.23089950528069,0.387251362101449,"FL",2024-07-29,1,1,0,1,1,1,1,0,0,1,0,0,0,1
"409",3.12114605602108,0.4543648109396,"FL",2024-07-30,0,1,1,1,0,0,1,0,1,1,1,1,0,1
"410",4.77875666564455,0.417418060700426,"FL",2024-07-31,0,1,1,1,1,1,1,0,0,0,1,0,0,1
"411",5.54691601009665,0.401622526955754,"FL",2024-08-01,0,1,0,1,1,1,1,0,0,0,1,0,0,1
"412",6.45152047711145,0.421446565266969,"FL",2024-08-02,0,1,1,1,1,1,1,0,0,1,0,0,1,1
"413",1.53852072124869,0.400970706371534,"FL",2024-08-03,1,1,1,1,1,1,0,0,0,0,1,0,0,0
"414",1.00367024887536,0.438991268219482,"FL",2024-08-04,0,1,1,1,1,1,1,0,0,1,1,0,0,1
"415",3.1877742830698,0.419898816010788,"FL",2024-08-05,0,1,0,1,1,1,1,0,0,0,1,0,0,1
"416",1.97521968372702,0.399657924406927,"FL",2024-08-06,0,1,1,1,1,1,1,0,0,0,1,0,0,1
"417",3.32492852833286,0.470483920898926,"FL",2024-08-07,0,0,0,1,0,1,0,0,0,0,1,0,0,0
"418",2.78493617509174,0.42522877732262,"FL",2024-08-08,0,1,1,1,1,1,1,0,0,0,1,0,0,1
"419",1.38260718704381,0.391089950108144,"FL",2024-08-09,1,1,0,1,1,1,1,0,0,0,1,0,1,1
"420",0.886956560210542,0.351182343731494,"FL",2024-08-10,1,1,1,1,1,1,1,1,0,0,1,1,1,1
"421",1.25837449025191,0.509482854457775,"GA",2024-06-30,1,1,1,1,0,1,0,0,0,1,1,0,1,0
"422",2.72585157996494,0.334469527897544,"GA",2024-07-01,0,1,0,1,1,1,1,0,1,0,1,0,1,1
"423",1.26998567130456,0.39672294756982,"GA",2024-07-02,1,0,1,1,1,1,1,1,0,0,1,1,0,1
"424",2.11392681135444,0.361394887439511,"GA",2024-07-03,0,1,0,1,1,1,1,0,0,0,1,1,1,0
"425",1.32953026832924,0.423584308428732,"GA",2024-07-04,1,1,1,0,1,1,1,0,0,1,0,1,0,1
"426",0.788638082001008,0.448828542563453,"GA",2024-07-05,1,1,1,1,0,1,1,0,1,0,1,0,1,1
"427",0.670457306903362,0.38221442044297,"GA",2024-07-06,1,1,1,1,1,1,1,1,0,0,1,0,0,1
"428",0.582449598233931,0.359605998256495,"GA",2024-07-07,1,1,1,1,1,1,1,1,1,1,1,1,1,1
"429",1.84726781164818,0.384055684842907,"GA",2024-07-08,0,1,1,1,1,1,1,0,0,0,1,0,0,1
"430",2.44826505913238,0.406716113647504,"GA",2024-07-09,0,1,1,1,1,1,0,0,0,1,1,0,0,0
"431",1.47156458189824,0.399126199587114,"GA",2024-07-10,1,0,1,1,1,1,1,0,0,1,1,0,0,1
"432",2.01995382070722,0.413330342751742,"GA",2024-07-11,1,1,0,1,1,0,1,0,0,0,1,0,1,1
"433",0.730918627191853,0.408077146895588,"GA",2024-07-12,1,1,1,1,1,1,1,0,0,0,1,0,0,1
"434",1.74730003679894,0.401598840976372,"GA",2024-07-13,1,0,0,1,1,1,1,0,0,0,1,0,1,1
"435",1.71699831774467,0.410274850932716,"GA",2024-07-14,0,1,0,1,1,0,1,0,1,0,1,1,0,1
"436",1.22145797375084,0.391885821390368,"GA",2024-07-15,1,1,1,1,1,1,1,0,0,0,1,0,0,1
"437",1.82068373994003,0.416737793162787,"GA",2024-07-16,1,1,0,1,1,1,1,0,0,0,1,1,0,1
"438",4.61894332371607,0.40271694191014,"GA",2024-07-17,1,1,1,1,0,0,1,0,0,1,1,0,0,1
"439",0.663469197541682,0.380280088049406,"GA",2024-07-18,1,1,1,1,1,1,1,0,0,0,1,1,1,1
"440",0.897493693003496,0.428812878973742,"GA",2024-07-19,1,1,1,1,1,1,1,0,1,0,1,0,1,1
"441",2.25186731800166,0.440580107840381,"GA",2024-07-20,0,1,0,1,1,1,1,0,1,0,1,0,1,1
"442",1.38014961628571,0.364187462371303,"GA",2024-07-21,1,1,1,1,1,1,1,1,0,0,1,0,0,1
"443",1.47950915178612,0.400934733087589,"GA",2024-07-22,1,0,1,1,1,1,1,0,1,0,1,1,0,1
"444",4.26146742597446,0.403462013007941,"GA",2024-07-23,1,0,0,1,1,0,1,0,0,0,1,0,0,1
"445",2.6733773694399,0.404845062314185,"GA",2024-07-24,0,1,1,1,0,1,1,1,0,0,1,0,0,1
"446",4.32544381786211,0.442511178995373,"GA",2024-07-25,0,0,0,1,0,1,1,0,0,0,1,0,0,1
"447",2.78699924589474,0.411814928474011,"GA",2024-07-26,0,1,1,1,0,1,1,0,0,0,1,0,1,1
"448",3.24142797823204,0.450819466162942,"GA",2024-07-27,0,1,0,1,1,1,1,0,0,0,1,0,0,1
"449",2.83215822750273,0.418932995324359,"GA",2024-07-28,0,1,1,1,0,0,1,0,0,1,0,0,0,1
"450",7.20763116967552,0.443475379762317,"GA",2024-07-29,0,1,0,1,0,1,1,0,0,0,1,0,0,0
"451",3.12747548257969,0.431216998852024,"GA",2024-07-30,0,0,0,1,0,1,1,0,0,0,1,0,0,1
"452",2.84496972147408,0.431177839878419,"GA",2024-07-31,0,1,0,1,1,1,1,1,0,0,1,1,0,1
"453",3.90364499368225,0.440990138610169,"GA",2024-08-01,0,1,0,1,1,1,1,0,0,0,1,0,1,1
"454",3.74859663327548,0.430169912580123,"GA",2024-08-02,0,1,0,1,1,1,0,0,1,0,1,0,0,0
"455",1.55609517686671,0.406646308443458,"GA",2024-08-03,0,1,1,1,1,1,1,0,1,0,1,0,0,1
"456",1.28381521662424,0.458542532281871,"GA",2024-08-04,0,1,1,1,1,1,1,1,0,1,1,0,0,1
"457",5.23680668661461,0.445557034192644,"GA",2024-08-05,0,1,0,1,0,1,0,0,0,0,1,0,0,0
"458",3.75608144977314,0.427056727485507,"GA",2024-08-06,0,1,0,1,0,0,1,0,0,0,1,0,1,1
"459",5.03541107119631,0.410396946442883,"GA",2024-08-07,0,1,1,1,0,1,1,0,1,0,1,0,0,1
"460",5.32130544200428,0.441557197020393,"GA",2024-08-08,0,1,0,1,0,0,1,0,0,0,1,0,0,1
"461",6.04119173061294,0.445120330299334,"GA",2024-08-09,0,1,0,1,0,1,1,0,0,0,1,0,0,1
"462",1.2058281669587,0.380121580214619,"GA",2024-08-10,0,1,1,1,1,1,1,0,1,0,1,0,1,1
"463",NA,NA,"HI",2024-06-30,NA,NA,NA,NA,NA,NA,NA,NA,NA,NA,NA,NA,NA,NA
"464",NA,NA,"HI",2024-07-01,NA,NA,NA,NA,NA,NA,NA,NA,NA,NA,NA,NA,NA,NA
"465",NA,NA,"HI",2024-07-02,NA,NA,NA,NA,NA,NA,NA,NA,NA,NA,NA,NA,NA,NA
"466",NA,NA,"HI",2024-07-03,NA,NA,NA,NA,NA,NA,NA,NA,NA,NA,NA,NA,NA,NA
"467",NA,NA,"HI",2024-07-04,NA,NA,NA,NA,NA,NA,NA,NA,NA,NA,NA,NA,NA,NA
"468",NA,NA,"HI",2024-07-05,NA,NA,NA,NA,NA,NA,NA,NA,NA,NA,NA,NA,NA,NA
"469",NA,NA,"HI",2024-07-06,NA,NA,NA,NA,NA,NA,NA,NA,NA,NA,NA,NA,NA,NA
"470",NA,NA,"HI",2024-07-07,NA,NA,NA,NA,NA,NA,NA,NA,NA,NA,NA,NA,NA,NA
"471",NA,NA,"HI",2024-07-08,NA,NA,NA,NA,NA,NA,NA,NA,NA,NA,NA,NA,NA,NA
"472",NA,NA,"HI",2024-07-09,NA,NA,NA,NA,NA,NA,NA,NA,NA,NA,NA,NA,NA,NA
"473",NA,NA,"HI",2024-07-10,NA,NA,NA,NA,NA,NA,NA,NA,NA,NA,NA,NA,NA,NA
"474",NA,NA,"HI",2024-07-11,NA,NA,NA,NA,NA,NA,NA,NA,NA,NA,NA,NA,NA,NA
"475",NA,NA,"HI",2024-07-12,NA,NA,NA,NA,NA,NA,NA,NA,NA,NA,NA,NA,NA,NA
"476",NA,NA,"HI",2024-07-13,NA,NA,NA,NA,NA,NA,NA,NA,NA,NA,NA,NA,NA,NA
"477",NA,NA,"HI",2024-07-14,NA,NA,NA,NA,NA,NA,NA,NA,NA,NA,NA,NA,NA,NA
"478",NA,NA,"HI",2024-07-15,NA,NA,NA,NA,NA,NA,NA,NA,NA,NA,NA,NA,NA,NA
"479",NA,NA,"HI",2024-07-16,NA,NA,NA,NA,NA,NA,NA,NA,NA,NA,NA,NA,NA,NA
"480",NA,NA,"HI",2024-07-17,NA,NA,NA,NA,NA,NA,NA,NA,NA,NA,NA,NA,NA,NA
"481",NA,NA,"HI",2024-07-18,NA,NA,NA,NA,NA,NA,NA,NA,NA,NA,NA,NA,NA,NA
"482",NA,NA,"HI",2024-07-19,NA,NA,NA,NA,NA,NA,NA,NA,NA,NA,NA,NA,NA,NA
"483",NA,NA,"HI",2024-07-20,NA,NA,NA,NA,NA,NA,NA,NA,NA,NA,NA,NA,NA,NA
"484",NA,NA,"HI",2024-07-21,NA,NA,NA,NA,NA,NA,NA,NA,NA,NA,NA,NA,NA,NA
"485",NA,NA,"HI",2024-07-22,NA,NA,NA,NA,NA,NA,NA,NA,NA,NA,NA,NA,NA,NA
"486",NA,NA,"HI",2024-07-23,NA,NA,NA,NA,NA,NA,NA,NA,NA,NA,NA,NA,NA,NA
"487",NA,NA,"HI",2024-07-24,NA,NA,NA,NA,NA,NA,NA,NA,NA,NA,NA,NA,NA,NA
"488",NA,NA,"HI",2024-07-25,NA,NA,NA,NA,NA,NA,NA,NA,NA,NA,NA,NA,NA,NA
"489",NA,NA,"HI",2024-07-26,NA,NA,NA,NA,NA,NA,NA,NA,NA,NA,NA,NA,NA,NA
"490",NA,NA,"HI",2024-07-27,NA,NA,NA,NA,NA,NA,NA,NA,NA,NA,NA,NA,NA,NA
"491",NA,NA,"HI",2024-07-28,NA,NA,NA,NA,NA,NA,NA,NA,NA,NA,NA,NA,NA,NA
"492",NA,NA,"HI",2024-07-29,NA,NA,NA,NA,NA,NA,NA,NA,NA,NA,NA,NA,NA,NA
"493",NA,NA,"HI",2024-07-30,NA,NA,NA,NA,NA,NA,NA,NA,NA,NA,NA,NA,NA,NA
"494",NA,NA,"HI",2024-07-31,NA,NA,NA,NA,NA,NA,NA,NA,NA,NA,NA,NA,NA,NA
"495",NA,NA,"HI",2024-08-01,NA,NA,NA,NA,NA,NA,NA,NA,NA,NA,NA,NA,NA,NA
"496",NA,NA,"HI",2024-08-02,NA,NA,NA,NA,NA,NA,NA,NA,NA,NA,NA,NA,NA,NA
"497",NA,NA,"HI",2024-08-03,NA,NA,NA,NA,NA,NA,NA,NA,NA,NA,NA,NA,NA,NA
"498",NA,NA,"HI",2024-08-04,NA,NA,NA,NA,NA,NA,NA,NA,NA,NA,NA,NA,NA,NA
"499",NA,NA,"HI",2024-08-05,NA,NA,NA,NA,NA,NA,NA,NA,NA,NA,NA,NA,NA,NA
"500",NA,NA,"HI",2024-08-06,NA,NA,NA,NA,NA,NA,NA,NA,NA,NA,NA,NA,NA,NA
"501",NA,NA,"HI",2024-08-07,NA,NA,NA,NA,NA,NA,NA,NA,NA,NA,NA,NA,NA,NA
"502",NA,NA,"HI",2024-08-08,NA,NA,NA,NA,NA,NA,NA,NA,NA,NA,NA,NA,NA,NA
"503",NA,NA,"HI",2024-08-09,NA,NA,NA,NA,NA,NA,NA,NA,NA,NA,NA,NA,NA,NA
"504",NA,NA,"HI",2024-08-10,NA,NA,NA,NA,NA,NA,NA,NA,NA,NA,NA,NA,NA,NA
"505",0.474762438900909,0.356817432007149,"IA",2024-06-30,1,1,1,1,1,1,1,1,1,1,1,1,1,1
"506",0.610017268881258,0.356500527711954,"IA",2024-07-01,1,1,1,1,1,1,1,0,0,1,1,1,0,1
"507",0.689940556992725,0.393960769503267,"IA",2024-07-02,1,1,1,1,1,1,1,0,1,0,1,1,0,1
"508",0.523991170591198,0.350604172846031,"IA",2024-07-03,1,0,1,1,1,1,1,1,0,0,1,1,1,1
"509",1.00252848559774,0.442029594121918,"IA",2024-07-04,1,1,1,1,1,1,1,1,0,1,1,0,1,1
"510",1.39242128043288,0.441729978805872,"IA",2024-07-05,1,1,1,1,1,0,1,0,0,0,1,0,0,1
"511",0.589487615854531,0.363028784628438,"IA",2024-07-06,1,1,1,1,1,1,1,0,0,0,1,1,0,1
"512",0.890106840720553,0.424060506348996,"IA",2024-07-07,1,1,1,1,1,1,1,0,0,0,1,0,0,1
"513",1.56237831355852,0.391449773006247,"IA",2024-07-08,1,1,1,1,0,1,1,0,0,1,1,1,0,1
"514",1.37875874217704,0.328228243150177,"IA",2024-07-09,1,1,0,1,1,1,1,1,0,0,1,1,1,1
"515",1.20816345667356,0.406621739650436,"IA",2024-07-10,1,1,1,1,0,1,1,0,1,0,1,0,0,1
"516",1.30002308334834,0.435198743339185,"IA",2024-07-11,0,1,0,1,1,1,1,0,0,0,1,0,0,1
"517",1.95732409965884,0.440311599269639,"IA",2024-07-12,0,1,0,1,1,1,1,0,1,0,1,1,0,1
"518",0.618164825509989,0.418554987278694,"IA",2024-07-13,1,1,1,1,0,1,1,1,1,1,1,1,1,1
"519",2.43930986147098,0.344348840901752,"IA",2024-07-14,1,1,0,1,1,1,1,0,0,0,1,1,1,1
"520",1.59229816719843,0.406409665885472,"IA",2024-07-15,1,0,1,1,1,1,1,0,0,0,0,0,0,1
"521",1.30467784728789,0.386177654387193,"IA",2024-07-16,1,1,1,1,1,0,1,1,1,0,1,0,0,1
"522",0.982369747615407,0.307698731295534,"IA",2024-07-17,1,1,0,1,1,1,1,0,1,0,1,0,1,1
"523",0.983185614022341,0.377224541027511,"IA",2024-07-18,1,1,1,1,1,1,1,0,0,0,1,1,0,1
"524",1.57709644971186,0.308276221850551,"IA",2024-07-19,1,1,0,1,1,1,1,1,0,0,1,1,1,1
"525",0.825938900379962,0.391677217836272,"IA",2024-07-20,1,1,1,1,1,1,1,1,0,0,1,1,1,1
"526",1.48459884857164,0.3770855327608,"IA",2024-07-21,1,1,1,1,1,1,1,0,0,0,1,0,0,1
"527",2.46471650845017,0.362372858816633,"IA",2024-07-22,1,1,0,1,1,1,1,0,0,0,1,1,0,1
"528",2.08846158914115,0.40676167179014,"IA",2024-07-23,1,1,1,1,1,0,1,0,1,0,1,0,0,1
"529",1.44527704177771,0.449789346489926,"IA",2024-07-24,1,0,1,1,1,1,1,1,0,1,1,0,1,1
"530",4.15409346886899,0.432611263572903,"IA",2024-07-25,0,0,0,1,0,1,1,0,0,1,1,1,0,1
"531",1.33419283637707,0.424351672642622,"IA",2024-07-26,1,1,1,1,0,1,1,1,0,0,1,0,0,1
"532",2.03155632609321,0.409173966809549,"IA",2024-07-27,0,1,0,1,1,1,1,0,0,0,1,1,0,1
"533",3.46713161234185,0.472118140640143,"IA",2024-07-28,0,0,1,1,0,1,0,0,0,0,1,0,1,0
"534",2.70287656804462,0.344854011973267,"IA",2024-07-29,1,0,0,1,1,1,1,1,0,0,1,0,0,1
"535",2.14221908839922,0.354973738612518,"IA",2024-07-30,0,1,1,1,0,1,1,0,0,1,1,1,0,1
"536",2.99084547377917,0.463548179352375,"IA",2024-07-31,0,1,1,1,0,1,1,0,0,0,1,0,0,1
"537",2.74496150348084,0.456433142572838,"IA",2024-08-01,0,1,1,1,0,1,1,0,0,0,1,0,1,1
"538",2.40966652119602,0.515978984397942,"IA",2024-08-02,0,1,1,1,0,1,1,0,1,1,1,0,0,1
"539",0.815829624697215,0.578183633033794,"IA",2024-08-03,0,1,1,1,1,1,1,0,1,0,1,1,1,1
"540",4.07222602807965,0.418161202120247,"IA",2024-08-04,0,0,0,1,0,1,1,0,1,0,1,0,0,0
"541",3.11746920141772,0.387584126859196,"IA",2024-08-05,1,1,0,1,0,1,1,0,0,0,1,0,0,1
"542",1.60716323250176,0.399415746138031,"IA",2024-08-06,0,1,1,1,1,1,1,1,0,0,1,0,0,1
"543",1.49238460366111,0.464695927064704,"IA",2024-08-07,0,1,1,1,0,1,1,0,1,0,1,0,1,1
"544",1.51683272853013,0.408985051761921,"IA",2024-08-08,1,1,1,1,1,1,1,1,1,0,1,0,1,1
"545",0.586195094359197,0.326978013887601,"IA",2024-08-09,1,1,1,1,1,1,1,1,0,1,1,1,0,1
"546",2.15001950247994,0.415503523655042,"IA",2024-08-10,0,1,1,1,1,1,0,0,1,0,1,0,0,0
"547",NA,NA,"ID",2024-06-30,NA,NA,NA,NA,NA,NA,NA,NA,NA,NA,NA,NA,NA,NA
"548",NA,NA,"ID",2024-07-01,NA,NA,NA,NA,NA,NA,NA,NA,NA,NA,NA,NA,NA,NA
"549",NA,NA,"ID",2024-07-02,NA,NA,NA,NA,NA,NA,NA,NA,NA,NA,NA,NA,NA,NA
"550",NA,NA,"ID",2024-07-03,NA,NA,NA,NA,NA,NA,NA,NA,NA,NA,NA,NA,NA,NA
"551",NA,NA,"ID",2024-07-04,NA,NA,NA,NA,NA,NA,NA,NA,NA,NA,NA,NA,NA,NA
"552",NA,NA,"ID",2024-07-05,NA,NA,NA,NA,NA,NA,NA,NA,NA,NA,NA,NA,NA,NA
"553",NA,NA,"ID",2024-07-06,NA,NA,NA,NA,NA,NA,NA,NA,NA,NA,NA,NA,NA,NA
"554",NA,NA,"ID",2024-07-07,NA,NA,NA,NA,NA,NA,NA,NA,NA,NA,NA,NA,NA,NA
"555",NA,NA,"ID",2024-07-08,NA,NA,NA,NA,NA,NA,NA,NA,NA,NA,NA,NA,NA,NA
"556",NA,NA,"ID",2024-07-09,NA,NA,NA,NA,NA,NA,NA,NA,NA,NA,NA,NA,NA,NA
"557",NA,NA,"ID",2024-07-10,NA,NA,NA,NA,NA,NA,NA,NA,NA,NA,NA,NA,NA,NA
"558",NA,NA,"ID",2024-07-11,NA,NA,NA,NA,NA,NA,NA,NA,NA,NA,NA,NA,NA,NA
"559",NA,NA,"ID",2024-07-12,NA,NA,NA,NA,NA,NA,NA,NA,NA,NA,NA,NA,NA,NA
"560",NA,NA,"ID",2024-07-13,NA,NA,NA,NA,NA,NA,NA,NA,NA,NA,NA,NA,NA,NA
"561",NA,NA,"ID",2024-07-14,NA,NA,NA,NA,NA,NA,NA,NA,NA,NA,NA,NA,NA,NA
"562",NA,NA,"ID",2024-07-15,NA,NA,NA,NA,NA,NA,NA,NA,NA,NA,NA,NA,NA,NA
"563",NA,NA,"ID",2024-07-16,NA,NA,NA,NA,NA,NA,NA,NA,NA,NA,NA,NA,NA,NA
"564",NA,NA,"ID",2024-07-17,NA,NA,NA,NA,NA,NA,NA,NA,NA,NA,NA,NA,NA,NA
"565",NA,NA,"ID",2024-07-18,NA,NA,NA,NA,NA,NA,NA,NA,NA,NA,NA,NA,NA,NA
"566",NA,NA,"ID",2024-07-19,NA,NA,NA,NA,NA,NA,NA,NA,NA,NA,NA,NA,NA,NA
"567",NA,NA,"ID",2024-07-20,NA,NA,NA,NA,NA,NA,NA,NA,NA,NA,NA,NA,NA,NA
"568",NA,NA,"ID",2024-07-21,NA,NA,NA,NA,NA,NA,NA,NA,NA,NA,NA,NA,NA,NA
"569",NA,NA,"ID",2024-07-22,NA,NA,NA,NA,NA,NA,NA,NA,NA,NA,NA,NA,NA,NA
"570",NA,NA,"ID",2024-07-23,NA,NA,NA,NA,NA,NA,NA,NA,NA,NA,NA,NA,NA,NA
"571",NA,NA,"ID",2024-07-24,NA,NA,NA,NA,NA,NA,NA,NA,NA,NA,NA,NA,NA,NA
"572",NA,NA,"ID",2024-07-25,NA,NA,NA,NA,NA,NA,NA,NA,NA,NA,NA,NA,NA,NA
"573",NA,NA,"ID",2024-07-26,NA,NA,NA,NA,NA,NA,NA,NA,NA,NA,NA,NA,NA,NA
"574",NA,NA,"ID",2024-07-27,NA,NA,NA,NA,NA,NA,NA,NA,NA,NA,NA,NA,NA,NA
"575",NA,NA,"ID",2024-07-28,NA,NA,NA,NA,NA,NA,NA,NA,NA,NA,NA,NA,NA,NA
"576",NA,NA,"ID",2024-07-29,NA,NA,NA,NA,NA,NA,NA,NA,NA,NA,NA,NA,NA,NA
"577",NA,NA,"ID",2024-07-30,NA,NA,NA,NA,NA,NA,NA,NA,NA,NA,NA,NA,NA,NA
"578",NA,NA,"ID",2024-07-31,NA,NA,NA,NA,NA,NA,NA,NA,NA,NA,NA,NA,NA,NA
"579",NA,NA,"ID",2024-08-01,NA,NA,NA,NA,NA,NA,NA,NA,NA,NA,NA,NA,NA,NA
"580",NA,NA,"ID",2024-08-02,NA,NA,NA,NA,NA,NA,NA,NA,NA,NA,NA,NA,NA,NA
"581",NA,NA,"ID",2024-08-03,NA,NA,NA,NA,NA,NA,NA,NA,NA,NA,NA,NA,NA,NA
"582",NA,NA,"ID",2024-08-04,NA,NA,NA,NA,NA,NA,NA,NA,NA,NA,NA,NA,NA,NA
"583",NA,NA,"ID",2024-08-05,NA,NA,NA,NA,NA,NA,NA,NA,NA,NA,NA,NA,NA,NA
"584",NA,NA,"ID",2024-08-06,NA,NA,NA,NA,NA,NA,NA,NA,NA,NA,NA,NA,NA,NA
"585",NA,NA,"ID",2024-08-07,NA,NA,NA,NA,NA,NA,NA,NA,NA,NA,NA,NA,NA,NA
"586",NA,NA,"ID",2024-08-08,NA,NA,NA,NA,NA,NA,NA,NA,NA,NA,NA,NA,NA,NA
"587",NA,NA,"ID",2024-08-09,NA,NA,NA,NA,NA,NA,NA,NA,NA,NA,NA,NA,NA,NA
"588",NA,NA,"ID",2024-08-10,NA,NA,NA,NA,NA,NA,NA,NA,NA,NA,NA,NA,NA,NA
"589",1.40620023416358,0.370009957977363,"IL",2024-06-30,1,1,0,1,1,1,1,1,0,0,1,0,0,1
"590",3.99120667352114,0.44401215730896,"IL",2024-07-01,0,1,0,1,0,1,1,0,1,0,1,0,0,1
"591",0.714605150611454,0.395521582967145,"IL",2024-07-02,1,1,1,1,1,1,1,0,0,1,1,1,1,1
"592",0.720907841068837,0.389041523765361,"IL",2024-07-03,1,1,1,1,1,1,1,1,0,1,1,0,1,1
"593",1.21644818726094,0.388372323518049,"IL",2024-07-04,1,1,1,1,1,1,1,0,0,0,1,0,1,1
"594",1.45836331124906,0.386567038544745,"IL",2024-07-05,1,0,1,1,1,1,1,0,0,0,1,0,0,1
"595",1.14377681478215,0.392425737744196,"IL",2024-07-06,0,1,1,1,1,1,1,0,1,0,1,1,1,1
"596",2.61357515238106,0.375528758021523,"IL",2024-07-07,1,0,1,1,1,0,1,0,0,0,1,1,0,1
"597",2.48198559151703,0.382155413336018,"IL",2024-07-08,1,1,0,1,1,1,1,0,0,0,1,0,0,1
"598",5.30522178444908,0.444851580561616,"IL",2024-07-09,0,1,0,1,1,0,0,0,0,0,1,0,0,1
"599",2.61063292815214,0.416988532660851,"IL",2024-07-10,0,1,1,1,1,1,1,0,0,0,1,0,0,1
"600",2.62353485914227,0.41194306466882,"IL",2024-07-11,1,1,0,1,1,1,0,0,1,0,1,1,0,0
"601",1.80110541364782,0.419031114147723,"IL",2024-07-12,0,1,1,1,1,1,0,0,0,0,1,0,0,0
"602",2.18774283088372,0.388478291024985,"IL",2024-07-13,1,1,0,1,1,1,1,0,0,0,1,1,0,1
"603",3.3407442490127,0.413318045002445,"IL",2024-07-14,0,0,1,1,1,1,1,0,0,0,1,1,0,1
"604",3.70522652215682,0.393281405221904,"IL",2024-07-15,1,0,0,1,1,0,1,0,0,0,1,0,1,1
"605",1.76814068948858,0.399832101892647,"IL",2024-07-16,1,0,1,1,1,1,1,1,0,0,1,0,0,1
"606",3.72354511395548,0.462004985475656,"IL",2024-07-17,0,1,0,1,0,0,1,0,1,0,1,0,0,1
"607",0.92854883246351,0.423707511179793,"IL",2024-07-18,0,1,1,1,1,1,1,0,0,1,1,1,1,1
"608",3.09311923473402,0.452396346018281,"IL",2024-07-19,0,1,1,1,1,0,1,0,0,0,1,0,0,1
"609",1.4193588607085,0.442853351696772,"IL",2024-07-20,0,1,1,1,1,1,1,0,0,0,1,1,1,1
"610",1.49182306669121,0.405266346839026,"IL",2024-07-21,1,1,1,1,1,1,1,0,1,0,1,0,0,1
"611",2.17498178764933,0.411213298841783,"IL",2024-07-22,1,1,1,1,1,1,0,0,0,0,1,0,0,0
"612",3.34750802895224,0.431232826585823,"IL",2024-07-23,0,1,1,1,0,0,1,0,1,0,1,0,1,1
"613",2.0489724862081,0.413866327324605,"IL",2024-07-24,0,1,1,1,1,1,1,0,1,0,1,0,0,1
"614",1.2611854971911,0.385991316873023,"IL",2024-07-25,1,1,1,1,1,1,1,0,1,0,1,0,0,1
"615",2.43253545778109,0.422824386039183,"IL",2024-07-26,0,1,1,1,1,1,1,0,1,0,1,0,0,1
"616",2.94801113173895,0.396073743988972,"IL",2024-07-27,1,1,0,1,1,0,1,0,1,0,1,0,0,1
"617",1.59338495236851,0.410475169807211,"IL",2024-07-28,1,0,1,1,1,1,1,1,0,0,1,0,1,1
"618",4.32038149572457,0.442595450404376,"IL",2024-07-29,0,0,0,1,1,0,0,0,0,0,1,0,0,0
"619",3.06763352175769,0.415004480446348,"IL",2024-07-30,0,0,1,1,1,0,1,1,0,0,1,0,0,1
"620",3.07739233666321,0.419353470156778,"IL",2024-07-31,0,1,0,1,1,1,1,0,0,0,1,0,1,1
"621",1.45605664950952,0.382849278342532,"IL",2024-08-01,1,1,1,1,1,1,1,0,0,0,1,0,0,1
"622",3.13461554452397,0.444700904990205,"IL",2024-08-02,0,1,1,0,0,1,0,0,1,0,0,0,1,0
"623",1.7544797798911,0.439388061938624,"IL",2024-08-03,0,0,1,1,1,0,1,0,0,0,1,0,1,1
"624",1.09994475006697,0.464034679481085,"IL",2024-08-04,0,1,1,1,1,1,1,0,0,0,1,1,1,1
"625",2.93567228682282,0.397252551665561,"IL",2024-08-05,0,1,1,1,1,1,1,0,0,0,1,0,0,1
"626",4.74023269411298,0.421296496199405,"IL",2024-08-06,0,1,0,1,1,1,1,0,0,0,1,0,0,1
"627",2.51478372614377,0.385090088174087,"IL",2024-08-07,0,1,1,1,1,1,1,0,0,0,1,0,0,1
"628",3.25989320684297,0.426235053642395,"IL",2024-08-08,1,0,1,0,0,1,1,0,0,0,0,0,0,1
"629",2.61177347133842,0.421626460780867,"IL",2024-08-09,0,1,1,1,1,1,1,0,0,0,1,1,0,1
"630",1.69007803699874,0.405045513852034,"IL",2024-08-10,0,1,1,1,1,1,1,0,0,0,1,0,1,1
"631",NA,NA,"IN",2024-06-30,NA,NA,NA,NA,NA,NA,NA,NA,NA,NA,NA,NA,NA,NA
"632",0.603187610924758,0.51451607444707,"IN",2024-07-01,1,1,1,1,1,0,1,1,1,1,1,1,1,1
"633",NA,NA,"IN",2024-07-02,NA,NA,NA,NA,NA,NA,NA,NA,NA,NA,NA,NA,NA,NA
"634",NA,NA,"IN",2024-07-03,NA,NA,NA,NA,NA,NA,NA,NA,NA,NA,NA,NA,NA,NA
"635",NA,NA,"IN",2024-07-04,NA,NA,NA,NA,NA,NA,NA,NA,NA,NA,NA,NA,NA,NA
"636",NA,NA,"IN",2024-07-05,NA,NA,NA,NA,NA,NA,NA,NA,NA,NA,NA,NA,NA,NA
"637",NA,NA,"IN",2024-07-06,NA,NA,NA,NA,NA,NA,NA,NA,NA,NA,NA,NA,NA,NA
"638",NA,NA,"IN",2024-07-07,NA,NA,NA,NA,NA,NA,NA,NA,NA,NA,NA,NA,NA,NA
"639",0.628355349002437,0.374681774443147,"IN",2024-07-08,1,1,1,1,1,1,1,0,0,1,1,1,0,1
"640",NA,NA,"IN",2024-07-09,NA,NA,NA,NA,NA,NA,NA,NA,NA,NA,NA,NA,NA,NA
"641",NA,NA,"IN",2024-07-10,NA,NA,NA,NA,NA,NA,NA,NA,NA,NA,NA,NA,NA,NA
"642",NA,NA,"IN",2024-07-11,NA,NA,NA,NA,NA,NA,NA,NA,NA,NA,NA,NA,NA,NA
"643",NA,NA,"IN",2024-07-12,NA,NA,NA,NA,NA,NA,NA,NA,NA,NA,NA,NA,NA,NA
"644",NA,NA,"IN",2024-07-13,NA,NA,NA,NA,NA,NA,NA,NA,NA,NA,NA,NA,NA,NA
"645",NA,NA,"IN",2024-07-14,NA,NA,NA,NA,NA,NA,NA,NA,NA,NA,NA,NA,NA,NA
"646",0.492604482493869,0.346259633572945,"IN",2024-07-15,1,1,1,1,1,1,1,1,0,0,1,1,1,1
"647",NA,NA,"IN",2024-07-16,NA,NA,NA,NA,NA,NA,NA,NA,NA,NA,NA,NA,NA,NA
"648",NA,NA,"IN",2024-07-17,NA,NA,NA,NA,NA,NA,NA,NA,NA,NA,NA,NA,NA,NA
"649",NA,NA,"IN",2024-07-18,NA,NA,NA,NA,NA,NA,NA,NA,NA,NA,NA,NA,NA,NA
"650",NA,NA,"IN",2024-07-19,NA,NA,NA,NA,NA,NA,NA,NA,NA,NA,NA,NA,NA,NA
"651",NA,NA,"IN",2024-07-20,NA,NA,NA,NA,NA,NA,NA,NA,NA,NA,NA,NA,NA,NA
"652",NA,NA,"IN",2024-07-21,NA,NA,NA,NA,NA,NA,NA,NA,NA,NA,NA,NA,NA,NA
"653",0.744020272491638,0.552637496933971,"IN",2024-07-22,0,1,1,1,1,1,1,0,1,0,1,1,1,1
"654",NA,NA,"IN",2024-07-23,NA,NA,NA,NA,NA,NA,NA,NA,NA,NA,NA,NA,NA,NA
"655",1.5519513469714,0.55768201243424,"IN",2024-07-24,0,1,1,1,1,1,1,0,0,1,1,1,1,1
"656",1.56297396794654,0.560123152190543,"IN",2024-07-25,0,1,1,1,1,1,1,0,1,0,1,0,1,1
"657",0.662065003134072,0.408830467046251,"IN",2024-07-26,1,1,1,1,1,1,1,1,0,0,1,0,0,1
"658",NA,NA,"IN",2024-07-27,NA,NA,NA,NA,NA,NA,NA,NA,NA,NA,NA,NA,NA,NA
"659",NA,NA,"IN",2024-07-28,NA,NA,NA,NA,NA,NA,NA,NA,NA,NA,NA,NA,NA,NA
"660",0.538975724948294,0.406542636965121,"IN",2024-07-29,1,1,1,1,0,1,1,1,1,1,1,1,1,1
"661",0.943894532865402,0.527304605178129,"IN",2024-07-30,0,1,1,1,1,1,1,0,1,0,1,1,0,1
"662",0.799577341132578,0.573978245279312,"IN",2024-07-31,0,1,1,1,1,1,1,0,0,1,1,1,1,1
"663",0.919755426200829,0.480363089903483,"IN",2024-08-01,0,1,1,1,1,1,1,1,1,1,1,1,1,1
"664",0.6446557410436,0.409576783567895,"IN",2024-08-02,1,1,1,1,1,1,1,1,0,0,1,1,0,1
"665",NA,NA,"IN",2024-08-03,NA,NA,NA,NA,NA,NA,NA,NA,NA,NA,NA,NA,NA,NA
"666",NA,NA,"IN",2024-08-04,NA,NA,NA,NA,NA,NA,NA,NA,NA,NA,NA,NA,NA,NA
"667",0.914596182145648,0.46970219248877,"IN",2024-08-05,0,1,1,1,1,1,1,0,1,0,1,1,1,1
"668",0.906790519756819,0.466998258507266,"IN",2024-08-06,0,1,1,1,1,1,1,0,1,0,1,1,1,1
"669",1.66347412563518,0.589617058196695,"IN",2024-08-07,0,1,1,1,1,1,1,0,1,1,1,0,1,1
"670",NA,NA,"IN",2024-08-08,NA,NA,NA,NA,NA,NA,NA,NA,NA,NA,NA,NA,NA,NA
"671",0.658172998670667,0.349552873449093,"IN",2024-08-09,1,1,1,1,1,1,1,1,1,1,1,1,1,1
"672",NA,NA,"IN",2024-08-10,NA,NA,NA,NA,NA,NA,NA,NA,NA,NA,NA,NA,NA,NA
"673",NA,NA,"KS",2024-06-30,NA,NA,NA,NA,NA,NA,NA,NA,NA,NA,NA,NA,NA,NA
"674",NA,NA,"KS",2024-07-01,NA,NA,NA,NA,NA,NA,NA,NA,NA,NA,NA,NA,NA,NA
"675",NA,NA,"KS",2024-07-02,NA,NA,NA,NA,NA,NA,NA,NA,NA,NA,NA,NA,NA,NA
"676",NA,NA,"KS",2024-07-03,NA,NA,NA,NA,NA,NA,NA,NA,NA,NA,NA,NA,NA,NA
"677",NA,NA,"KS",2024-07-04,NA,NA,NA,NA,NA,NA,NA,NA,NA,NA,NA,NA,NA,NA
"678",NA,NA,"KS",2024-07-05,NA,NA,NA,NA,NA,NA,NA,NA,NA,NA,NA,NA,NA,NA
"679",NA,NA,"KS",2024-07-06,NA,NA,NA,NA,NA,NA,NA,NA,NA,NA,NA,NA,NA,NA
"680",NA,NA,"KS",2024-07-07,NA,NA,NA,NA,NA,NA,NA,NA,NA,NA,NA,NA,NA,NA
"681",0.871678098963379,0.451461657645426,"KS",2024-07-08,1,1,1,1,0,1,1,1,1,0,1,0,1,1
"682",NA,NA,"KS",2024-07-09,NA,NA,NA,NA,NA,NA,NA,NA,NA,NA,NA,NA,NA,NA
"683",NA,NA,"KS",2024-07-10,NA,NA,NA,NA,NA,NA,NA,NA,NA,NA,NA,NA,NA,NA
"684",NA,NA,"KS",2024-07-11,NA,NA,NA,NA,NA,NA,NA,NA,NA,NA,NA,NA,NA,NA
"685",NA,NA,"KS",2024-07-12,NA,NA,NA,NA,NA,NA,NA,NA,NA,NA,NA,NA,NA,NA
"686",NA,NA,"KS",2024-07-13,NA,NA,NA,NA,NA,NA,NA,NA,NA,NA,NA,NA,NA,NA
"687",NA,NA,"KS",2024-07-14,NA,NA,NA,NA,NA,NA,NA,NA,NA,NA,NA,NA,NA,NA
"688",NA,NA,"KS",2024-07-15,NA,NA,NA,NA,NA,NA,NA,NA,NA,NA,NA,NA,NA,NA
"689",NA,NA,"KS",2024-07-16,NA,NA,NA,NA,NA,NA,NA,NA,NA,NA,NA,NA,NA,NA
"690",NA,NA,"KS",2024-07-17,NA,NA,NA,NA,NA,NA,NA,NA,NA,NA,NA,NA,NA,NA
"691",NA,NA,"KS",2024-07-18,NA,NA,NA,NA,NA,NA,NA,NA,NA,NA,NA,NA,NA,NA
"692",NA,NA,"KS",2024-07-19,NA,NA,NA,NA,NA,NA,NA,NA,NA,NA,NA,NA,NA,NA
"693",NA,NA,"KS",2024-07-20,NA,NA,NA,NA,NA,NA,NA,NA,NA,NA,NA,NA,NA,NA
"694",NA,NA,"KS",2024-07-21,NA,NA,NA,NA,NA,NA,NA,NA,NA,NA,NA,NA,NA,NA
"695",NA,NA,"KS",2024-07-22,NA,NA,NA,NA,NA,NA,NA,NA,NA,NA,NA,NA,NA,NA
"696",0.532841630187726,0.354176752125788,"KS",2024-07-23,1,1,0,1,1,1,1,1,1,1,1,1,1,1
"697",NA,NA,"KS",2024-07-24,NA,NA,NA,NA,NA,NA,NA,NA,NA,NA,NA,NA,NA,NA
"698",NA,NA,"KS",2024-07-25,NA,NA,NA,NA,NA,NA,NA,NA,NA,NA,NA,NA,NA,NA
"699",NA,NA,"KS",2024-07-26,NA,NA,NA,NA,NA,NA,NA,NA,NA,NA,NA,NA,NA,NA
"700",NA,NA,"KS",2024-07-27,NA,NA,NA,NA,NA,NA,NA,NA,NA,NA,NA,NA,NA,NA
"701",NA,NA,"KS",2024-07-28,NA,NA,NA,NA,NA,NA,NA,NA,NA,NA,NA,NA,NA,NA
"702",0.432207451729568,0.337404445313374,"KS",2024-07-29,1,1,1,1,1,1,1,1,1,1,1,1,1,1
"703",NA,NA,"KS",2024-07-30,NA,NA,NA,NA,NA,NA,NA,NA,NA,NA,NA,NA,NA,NA
"704",0.709492502893275,0.491880110561604,"KS",2024-07-31,0,1,1,1,1,1,1,0,1,0,1,1,1,1
"705",NA,NA,"KS",2024-08-01,NA,NA,NA,NA,NA,NA,NA,NA,NA,NA,NA,NA,NA,NA
"706",NA,NA,"KS",2024-08-02,NA,NA,NA,NA,NA,NA,NA,NA,NA,NA,NA,NA,NA,NA
"707",NA,NA,"KS",2024-08-03,NA,NA,NA,NA,NA,NA,NA,NA,NA,NA,NA,NA,NA,NA
"708",NA,NA,"KS",2024-08-04,NA,NA,NA,NA,NA,NA,NA,NA,NA,NA,NA,NA,NA,NA
"709",NA,NA,"KS",2024-08-05,NA,NA,NA,NA,NA,NA,NA,NA,NA,NA,NA,NA,NA,NA
"710",0.752401651528786,0.523723602557943,"KS",2024-08-06,0,1,1,1,1,1,1,0,1,0,1,1,1,1
"711",NA,NA,"KS",2024-08-07,NA,NA,NA,NA,NA,NA,NA,NA,NA,NA,NA,NA,NA,NA
"712",1.56324719454076,0.533800631817687,"KS",2024-08-08,0,1,1,1,1,1,1,0,1,1,1,1,0,1
"713",0.593846829237197,0.375492551360067,"KS",2024-08-09,1,1,0,1,1,1,1,1,1,0,1,0,1,1
"714",NA,NA,"KS",2024-08-10,NA,NA,NA,NA,NA,NA,NA,NA,NA,NA,NA,NA,NA,NA
"715",NA,NA,"KY",2024-06-30,NA,NA,NA,NA,NA,NA,NA,NA,NA,NA,NA,NA,NA,NA
"716",0.496896069122718,0.388461230198375,"KY",2024-07-01,1,1,1,1,1,1,1,1,0,0,1,1,1,1
"717",0.535033463250774,0.397467291779425,"KY",2024-07-02,0,1,1,1,1,1,1,0,1,0,1,1,1,1
"718",NA,NA,"KY",2024-07-03,NA,NA,NA,NA,NA,NA,NA,NA,NA,NA,NA,NA,NA,NA
"719",NA,NA,"KY",2024-07-04,NA,NA,NA,NA,NA,NA,NA,NA,NA,NA,NA,NA,NA,NA
"720",NA,NA,"KY",2024-07-05,NA,NA,NA,NA,NA,NA,NA,NA,NA,NA,NA,NA,NA,NA
"721",NA,NA,"KY",2024-07-06,NA,NA,NA,NA,NA,NA,NA,NA,NA,NA,NA,NA,NA,NA
"722",NA,NA,"KY",2024-07-07,NA,NA,NA,NA,NA,NA,NA,NA,NA,NA,NA,NA,NA,NA
"723",1.66151252519731,0.406578956543912,"KY",2024-07-08,1,1,1,1,1,0,1,0,0,1,0,1,0,1
"724",0.535213803773115,0.313360721228362,"KY",2024-07-09,1,1,0,1,1,1,1,1,1,0,1,0,1,1
"725",NA,NA,"KY",2024-07-10,NA,NA,NA,NA,NA,NA,NA,NA,NA,NA,NA,NA,NA,NA
"726",0.530318390393682,0.391042921539673,"KY",2024-07-11,1,1,1,1,1,0,1,1,0,1,1,1,0,1
"727",NA,NA,"KY",2024-07-12,NA,NA,NA,NA,NA,NA,NA,NA,NA,NA,NA,NA,NA,NA
"728",NA,NA,"KY",2024-07-13,NA,NA,NA,NA,NA,NA,NA,NA,NA,NA,NA,NA,NA,NA
"729",NA,NA,"KY",2024-07-14,NA,NA,NA,NA,NA,NA,NA,NA,NA,NA,NA,NA,NA,NA
"730",0.640490562509936,0.459703298885642,"KY",2024-07-15,1,1,1,1,0,1,1,1,1,1,1,1,1,1
"731",NA,NA,"KY",2024-07-16,NA,NA,NA,NA,NA,NA,NA,NA,NA,NA,NA,NA,NA,NA
"732",NA,NA,"KY",2024-07-17,NA,NA,NA,NA,NA,NA,NA,NA,NA,NA,NA,NA,NA,NA
"733",NA,NA,"KY",2024-07-18,NA,NA,NA,NA,NA,NA,NA,NA,NA,NA,NA,NA,NA,NA
"734",NA,NA,"KY",2024-07-19,NA,NA,NA,NA,NA,NA,NA,NA,NA,NA,NA,NA,NA,NA
"735",NA,NA,"KY",2024-07-20,NA,NA,NA,NA,NA,NA,NA,NA,NA,NA,NA,NA,NA,NA
"736",NA,NA,"KY",2024-07-21,NA,NA,NA,NA,NA,NA,NA,NA,NA,NA,NA,NA,NA,NA
"737",NA,NA,"KY",2024-07-22,NA,NA,NA,NA,NA,NA,NA,NA,NA,NA,NA,NA,NA,NA
"738",0.854842447247181,0.41183458651862,"KY",2024-07-23,0,1,1,1,1,1,1,0,0,0,1,0,1,1
"739",0.558452387290547,0.407232769492387,"KY",2024-07-24,1,1,1,1,0,1,1,1,1,1,1,0,0,1
"740",0.479649550894286,0.380532357203809,"KY",2024-07-25,1,1,1,1,1,1,1,1,1,0,1,1,0,1
"741",0.899996036387561,0.420086461891025,"KY",2024-07-26,0,1,1,1,1,1,1,1,1,0,1,1,0,1
"742",NA,NA,"KY",2024-07-27,NA,NA,NA,NA,NA,NA,NA,NA,NA,NA,NA,NA,NA,NA
"743",NA,NA,"KY",2024-07-28,NA,NA,NA,NA,NA,NA,NA,NA,NA,NA,NA,NA,NA,NA
"744",0.538746495093791,0.314049108899311,"KY",2024-07-29,1,1,0,1,1,1,1,1,1,1,1,1,1,1
"745",0.864878510958971,0.612060629882241,"KY",2024-07-30,1,1,1,1,1,1,0,1,1,0,1,1,1,0
"746",0.615516342923284,0.47271156816011,"KY",2024-07-31,1,0,1,1,1,1,1,0,0,1,1,1,1,1
"747",NA,NA,"KY",2024-08-01,NA,NA,NA,NA,NA,NA,NA,NA,NA,NA,NA,NA,NA,NA
"748",NA,NA,"KY",2024-08-02,NA,NA,NA,NA,NA,NA,NA,NA,NA,NA,NA,NA,NA,NA
"749",NA,NA,"KY",2024-08-03,NA,NA,NA,NA,NA,NA,NA,NA,NA,NA,NA,NA,NA,NA
"750",NA,NA,"KY",2024-08-04,NA,NA,NA,NA,NA,NA,NA,NA,NA,NA,NA,NA,NA,NA
"751",NA,NA,"KY",2024-08-05,NA,NA,NA,NA,NA,NA,NA,NA,NA,NA,NA,NA,NA,NA
"752",0.79837767788398,0.5745750230029,"KY",2024-08-06,0,1,1,1,1,1,1,0,1,0,1,1,1,1
"753",0.671019388586822,0.501099382968388,"KY",2024-08-07,1,0,1,1,1,1,1,1,0,1,1,0,1,1
"754",NA,NA,"KY",2024-08-08,NA,NA,NA,NA,NA,NA,NA,NA,NA,NA,NA,NA,NA,NA
"755",0.709618281769106,0.403717439242496,"KY",2024-08-09,1,0,1,1,1,1,1,1,1,1,1,1,1,1
"756",NA,NA,"KY",2024-08-10,NA,NA,NA,NA,NA,NA,NA,NA,NA,NA,NA,NA,NA,NA
"757",0.925884262567894,0.441666325348483,"LA",2024-06-30,1,1,1,1,0,1,1,0,1,0,1,1,1,1
"758",6.49287303687383,0.403175980995208,"LA",2024-07-01,1,0,0,1,1,0,1,0,0,0,1,0,0,1
"759",1.24981792111341,0.37493064819484,"LA",2024-07-02,1,1,1,1,1,1,1,0,1,0,1,0,0,1
"760",0.934953671823392,0.3793750649467,"LA",2024-07-03,1,1,1,1,1,1,1,0,0,1,1,0,0,1
"761",0.562059833951872,0.402544410712925,"LA",2024-07-04,1,0,1,1,1,1,1,0,0,1,1,1,1,1
"762",1.99017090585193,0.362485615292863,"LA",2024-07-05,1,1,0,1,1,1,1,0,0,0,1,1,1,1
"763",1.07087826710592,0.367277445372908,"LA",2024-07-06,1,1,1,1,1,1,1,0,0,0,1,1,0,1
"764",1.15305471815976,0.393771154091812,"LA",2024-07-07,0,1,1,1,1,1,1,0,1,0,1,1,1,1
"765",2.16586080511523,0.428260809026324,"LA",2024-07-08,0,1,0,1,1,1,1,0,0,0,1,1,0,1
"766",1.50559280783457,0.390066258093082,"LA",2024-07-09,1,0,1,1,1,1,1,0,0,0,1,1,0,1
"767",2.24994149758381,0.401528129667471,"LA",2024-07-10,1,0,1,1,1,1,1,0,0,0,1,0,1,1
"768",2.52713288978816,0.428889679307885,"LA",2024-07-11,0,1,1,1,1,0,1,0,0,0,1,1,0,1
"769",1.01035076429936,0.403808701633422,"LA",2024-07-12,1,1,1,1,1,1,1,0,0,0,1,0,0,1
"770",1.87618810824317,0.420593070320771,"LA",2024-07-13,0,1,0,1,1,0,1,0,0,0,1,0,0,1
"771",1.68831256933798,0.410017897153418,"LA",2024-07-14,1,1,0,1,1,0,1,1,1,0,1,0,0,1
"772",2.88233119079586,0.420672975360975,"LA",2024-07-15,1,0,0,1,1,1,1,0,0,0,1,0,1,1
"773",2.24359783174136,0.435738711983124,"LA",2024-07-16,0,1,0,1,1,1,1,0,0,0,1,0,0,1
"774",2.04138551337768,0.41063576324447,"LA",2024-07-17,1,1,1,1,1,1,1,0,1,0,1,0,0,1
"775",2.14393837847671,0.412956686467834,"LA",2024-07-18,0,1,1,1,1,1,1,0,1,0,1,0,1,1
"776",4.17102333530051,0.439669730621952,"LA",2024-07-19,0,0,0,1,0,1,1,0,0,0,1,1,0,1
"777",1.63314958786954,0.459481529538647,"LA",2024-07-20,1,1,1,0,1,0,0,0,0,0,0,0,0,0
"778",3.00308800026995,0.491542693710667,"LA",2024-07-21,0,1,0,1,1,1,1,0,0,0,1,0,1,1
"779",2.99837163982269,0.471543821902836,"LA",2024-07-22,0,1,0,1,1,1,1,0,0,0,1,0,0,1
"780",2.17983852808288,0.365497264900958,"LA",2024-07-23,1,1,1,1,0,1,0,0,1,0,1,0,0,0
"781",1.44821323284746,0.40646209476271,"LA",2024-07-24,1,0,1,1,1,1,1,0,0,0,1,0,0,1
"782",0.597871184879948,0.386412640673855,"LA",2024-07-25,1,1,1,1,1,1,1,1,0,0,1,0,1,1
"783",1.35654820622295,0.381019765943158,"LA",2024-07-26,1,1,1,1,1,1,1,1,1,0,1,0,0,1
"784",2.42090302408251,0.4637604693112,"LA",2024-07-27,0,0,1,1,1,0,1,0,0,1,1,0,0,1
"785",3.29752092901182,0.429506017082528,"LA",2024-07-28,0,1,1,1,0,0,1,0,0,0,1,0,0,1
"786",3.52107779284812,0.437429565938962,"LA",2024-07-29,0,1,0,1,0,1,1,0,1,0,1,0,1,1
"787",4.23491063329589,0.419490944267357,"LA",2024-07-30,0,1,1,1,0,1,1,0,0,0,1,0,0,1
"788",4.10288537654342,0.440430405690407,"LA",2024-07-31,0,0,0,1,1,1,1,0,0,0,1,0,0,0
"789",2.14030141112523,0.421137659324224,"LA",2024-08-01,1,1,1,0,1,1,1,0,0,0,0,1,0,1
"790",3.51905651566507,0.431053303949403,"LA",2024-08-02,0,1,1,1,0,1,0,1,0,0,1,0,0,0
"791",3.66118010466203,0.449063298360166,"LA",2024-08-03,0,0,0,1,1,1,1,0,0,0,1,0,0,1
"792",2.09537332897488,0.451146715073635,"LA",2024-08-04,0,1,0,1,1,1,1,0,1,0,1,1,0,1
"793",5.12815528576308,0.443597759308474,"LA",2024-08-05,0,1,0,1,1,1,1,0,0,0,1,0,0,1
"794",4.70785282968254,0.446538602962459,"LA",2024-08-06,0,1,0,1,1,1,1,0,0,0,1,0,0,1
"795",4.20954946167059,0.44542109483172,"LA",2024-08-07,0,0,0,1,0,1,0,0,0,0,1,0,0,0
"796",6.15576603006673,0.450304524582343,"LA",2024-08-08,0,0,0,1,1,1,1,0,0,0,1,0,0,1
"797",2.93203864262533,0.476550862193049,"LA",2024-08-09,0,1,1,1,0,1,1,0,1,0,1,0,1,1
"798",1.8126394203051,0.416950240729071,"LA",2024-08-10,0,1,1,1,1,1,1,0,0,0,1,0,0,1
"799",NA,NA,"MA",2024-06-30,NA,NA,NA,NA,NA,NA,NA,NA,NA,NA,NA,NA,NA,NA
"800",1.47162269615155,0.38747563930112,"MA",2024-07-01,1,1,1,1,1,1,1,0,0,0,1,1,1,1
"801",1.03702150612666,0.304392496254661,"MA",2024-07-02,1,1,0,1,1,1,1,1,0,0,1,1,1,1
"802",0.638444946977305,0.376363770771155,"MA",2024-07-03,1,1,1,1,1,1,1,0,0,1,1,1,1,1
"803",NA,NA,"MA",2024-07-04,NA,NA,NA,NA,NA,NA,NA,NA,NA,NA,NA,NA,NA,NA
"804",NA,NA,"MA",2024-07-05,NA,NA,NA,NA,NA,NA,NA,NA,NA,NA,NA,NA,NA,NA
"805",NA,NA,"MA",2024-07-06,NA,NA,NA,NA,NA,NA,NA,NA,NA,NA,NA,NA,NA,NA
"806",NA,NA,"MA",2024-07-07,NA,NA,NA,NA,NA,NA,NA,NA,NA,NA,NA,NA,NA,NA
"807",1.2081847717988,0.416421551460853,"MA",2024-07-08,1,1,1,1,1,1,1,0,0,0,1,0,0,1
"808",0.418380487776746,0.292436879937825,"MA",2024-07-09,1,1,1,1,1,1,1,0,1,0,1,1,1,1
"809",NA,NA,"MA",2024-07-10,NA,NA,NA,NA,NA,NA,NA,NA,NA,NA,NA,NA,NA,NA
"810",0.692746932444314,0.356454057622055,"MA",2024-07-11,1,1,1,1,0,1,1,1,1,0,1,0,1,1
"811",0.752883447900087,0.381476926731066,"MA",2024-07-12,1,1,1,1,1,1,1,1,0,0,1,0,0,1
"812",0.554614508677687,0.433518979645156,"MA",2024-07-13,1,1,1,1,1,0,1,1,1,0,1,1,0,1
"813",NA,NA,"MA",2024-07-14,NA,NA,NA,NA,NA,NA,NA,NA,NA,NA,NA,NA,NA,NA
"814",0.633228490976486,0.448832305317868,"MA",2024-07-15,1,0,1,1,1,1,1,1,0,1,1,0,1,1
"815",1.16446557123818,0.398962459734271,"MA",2024-07-16,1,0,1,1,1,1,1,0,0,1,1,1,1,1
"816",NA,NA,"MA",2024-07-17,NA,NA,NA,NA,NA,NA,NA,NA,NA,NA,NA,NA,NA,NA
"817",0.698250929200227,0.375767429707427,"MA",2024-07-18,1,1,1,1,1,1,1,0,0,1,1,1,1,1
"818",0.814458986967319,0.450051462415624,"MA",2024-07-19,1,1,1,1,1,1,1,1,0,1,1,1,0,1
"819",NA,NA,"MA",2024-07-20,NA,NA,NA,NA,NA,NA,NA,NA,NA,NA,NA,NA,NA,NA
"820",0.650448690705124,0.472107054264708,"MA",2024-07-21,1,0,1,1,1,1,1,1,0,0,1,1,1,1
"821",0.742569388339204,0.526835086419938,"MA",2024-07-22,0,1,1,1,1,1,1,1,1,1,1,1,1,1
"822",3.9554614785046,0.499430547462441,"MA",2024-07-23,0,1,0,1,1,1,1,0,0,0,1,0,1,1
"823",1.07513282823005,0.337950494311239,"MA",2024-07-24,1,1,0,1,1,1,1,1,1,0,1,1,0,1
"824",2.67649386179639,0.43451244360655,"MA",2024-07-25,0,1,1,1,1,0,1,0,1,0,1,0,0,1
"825",1.17304534310739,0.348714713397556,"MA",2024-07-26,1,1,0,1,1,1,1,1,0,1,1,0,0,1
"826",NA,NA,"MA",2024-07-27,NA,NA,NA,NA,NA,NA,NA,NA,NA,NA,NA,NA,NA,NA
"827",NA,NA,"MA",2024-07-28,NA,NA,NA,NA,NA,NA,NA,NA,NA,NA,NA,NA,NA,NA
"828",1.24757660996375,0.384787845672109,"MA",2024-07-29,1,1,1,1,1,1,1,0,1,1,1,0,0,1
"829",1.4261919154657,0.440564768311278,"MA",2024-07-30,1,0,1,1,1,1,1,0,0,0,1,1,1,1
"830",1.32625450109195,0.483326406817726,"MA",2024-07-31,0,1,1,1,1,1,0,1,0,0,1,1,0,0
"831",1.04384637848808,0.33592130942982,"MA",2024-08-01,1,1,0,1,1,1,1,1,0,0,1,1,1,1
"832",1.62098196635694,0.472594138156524,"MA",2024-08-02,0,1,1,1,1,1,1,0,1,0,1,0,0,1
"833",0.432765401340838,0.252611498232567,"MA",2024-08-03,1,1,1,1,1,1,1,1,1,1,1,1,1,1
"834",NA,NA,"MA",2024-08-04,NA,NA,NA,NA,NA,NA,NA,NA,NA,NA,NA,NA,NA,NA
"835",0.76476365990178,0.543326743997387,"MA",2024-08-05,1,0,1,1,1,1,1,1,0,1,1,0,1,1
"836",1.42143905814639,0.338022480589835,"MA",2024-08-06,0,1,1,1,0,1,1,1,1,1,1,0,0,1
"837",1.94785755245142,0.519788658902059,"MA",2024-08-07,0,1,1,1,1,1,0,0,1,0,1,0,1,0
"838",1.85195630947894,0.442709801185453,"MA",2024-08-08,0,1,0,1,1,1,1,0,0,0,1,0,0,1
"839",1.77173793252839,0.542391657769866,"MA",2024-08-09,0,1,1,1,0,0,1,0,0,0,1,0,0,1
"840",0.514953483108229,0.387014132422743,"MA",2024-08-10,1,1,1,1,1,1,1,1,1,1,1,1,1,1
"841",0.758571099904352,0.422524951619445,"MD",2024-06-30,1,1,1,1,1,0,1,1,1,0,1,1,0,1
"842",0.792081483857509,0.389097768436497,"MD",2024-07-01,1,1,1,1,1,1,1,0,0,0,1,1,1,1
"843",1.33941642977197,0.354374898360951,"MD",2024-07-02,1,0,1,1,1,1,1,0,0,0,1,1,1,1
"844",0.46873305253464,0.301342745149619,"MD",2024-07-03,1,1,1,1,1,1,1,0,1,0,1,1,1,1
"845",1.35960385936933,0.429034458731371,"MD",2024-07-04,1,1,1,1,0,1,1,0,0,0,1,0,1,1
"846",1.04523446494096,0.393497150209792,"MD",2024-07-05,1,1,1,1,1,1,1,0,0,0,1,0,0,1
"847",1.65342609407917,0.416591564335005,"MD",2024-07-06,0,1,0,1,1,1,1,0,1,0,1,0,0,1
"848",1.60090626084509,0.385761652928792,"MD",2024-07-07,1,0,1,1,1,1,1,0,0,0,1,0,0,1
"849",2.43188904472057,0.411735534538868,"MD",2024-07-08,1,0,1,1,1,0,1,0,0,0,1,0,0,1
"850",1.97391224556955,0.385001572896223,"MD",2024-07-09,0,1,1,1,1,1,1,0,0,0,1,0,1,0
"851",0.965448658559144,0.387102471019406,"MD",2024-07-10,0,1,1,1,1,1,1,0,1,0,1,1,0,1
"852",3.11656952346644,0.425320604783259,"MD",2024-07-11,0,1,0,1,1,1,1,0,0,0,1,1,0,0
"853",0.967805932256532,0.417528581461853,"MD",2024-07-12,1,1,1,1,1,1,1,1,0,0,1,0,0,1
"854",1.27242737330726,0.437369603359093,"MD",2024-07-13,1,1,1,1,0,1,1,0,0,0,1,0,1,1
"855",1.62709627377613,0.421814112446718,"MD",2024-07-14,0,1,1,1,1,1,1,0,1,0,1,0,1,1
"856",3.64162839628533,0.409642307195431,"MD",2024-07-15,1,1,1,1,0,1,1,0,0,0,1,0,1,1
"857",1.84499521783178,0.394734694231604,"MD",2024-07-16,0,1,1,1,1,1,1,0,0,0,1,0,0,1
"858",2.02920315192295,0.413408187628681,"MD",2024-07-17,0,1,1,1,1,0,0,0,1,0,0,1,0,0
"859",2.20286773729409,0.427865527050007,"MD",2024-07-18,1,0,0,1,1,1,1,1,0,0,1,0,0,1
"860",1.24404319664178,0.405057776400231,"MD",2024-07-19,0,1,1,1,1,1,1,0,0,0,1,0,0,1
"861",1.53595372612665,0.409958410192671,"MD",2024-07-20,1,1,1,1,1,1,1,0,0,0,1,0,1,1
"862",1.93041947575652,0.439772329828635,"MD",2024-07-21,1,1,0,1,1,1,1,1,0,0,1,0,0,1
"863",3.59629087128815,0.399857013516353,"MD",2024-07-22,1,0,1,1,0,1,1,0,0,0,1,0,0,1
"864",3.82001781168767,0.46184312364284,"MD",2024-07-23,0,1,1,1,0,1,0,0,0,0,1,1,0,0
"865",1.5185491065848,0.408983357598241,"MD",2024-07-24,0,1,1,1,1,1,1,0,0,0,1,1,1,1
"866",4.18297692575023,0.466828254297319,"MD",2024-07-25,0,1,0,1,1,1,1,0,1,0,1,0,0,1
"867",3.81015847986737,0.469937699820702,"MD",2024-07-26,0,0,0,1,1,1,1,0,0,0,1,0,0,1
"868",2.0769213430069,0.444069375340681,"MD",2024-07-27,1,0,1,1,1,1,1,1,0,0,1,0,0,1
"869",3.19651533020955,0.509037791633969,"MD",2024-07-28,0,0,0,1,0,1,1,0,0,0,1,0,0,1
"870",5.21553680490917,0.447006207628822,"MD",2024-07-29,0,0,0,1,1,1,1,0,0,0,1,0,1,1
"871",5.59448998689048,0.446592964680342,"MD",2024-07-30,0,1,1,1,0,1,1,0,0,0,1,0,0,1
"872",6.99621731515603,0.46242021495111,"MD",2024-07-31,0,1,1,1,0,0,1,0,0,0,1,0,0,1
"873",3.51390704614865,0.455680074776305,"MD",2024-08-01,0,1,1,1,0,1,1,0,1,0,1,0,1,1
"874",2.6639010561308,0.432435063884174,"MD",2024-08-02,1,0,1,1,0,0,1,1,0,0,1,0,0,1
"875",3.68716962848652,0.43773933515804,"MD",2024-08-03,1,0,1,1,0,0,1,0,0,0,1,0,0,1
"876",1.78435466250918,0.439953317086296,"MD",2024-08-04,0,1,1,1,1,1,1,0,1,0,1,0,0,1
"877",5.3170116810962,0.452071739166927,"MD",2024-08-05,0,1,0,1,1,0,1,0,0,0,1,1,0,1
"878",9.15220452990238,0.496763738222484,"MD",2024-08-06,0,0,1,1,0,1,1,0,0,0,1,0,0,1
"879",2.5144530930328,0.412502809501771,"MD",2024-08-07,0,1,1,1,1,0,1,1,1,0,1,0,0,1
"880",5.3381629096403,0.494812034384515,"MD",2024-08-08,0,0,1,1,0,0,1,1,0,0,1,0,0,1
"881",6.52931936324644,0.48397451407911,"MD",2024-08-09,0,0,0,1,0,0,0,0,0,0,1,0,0,0
"882",4.83481922079972,0.479299037196611,"MD",2024-08-10,0,1,0,1,0,1,0,0,0,0,1,0,0,0
"883",NA,NA,"ME",2024-06-30,NA,NA,NA,NA,NA,NA,NA,NA,NA,NA,NA,NA,NA,NA
"884",NA,NA,"ME",2024-07-01,NA,NA,NA,NA,NA,NA,NA,NA,NA,NA,NA,NA,NA,NA
"885",NA,NA,"ME",2024-07-02,NA,NA,NA,NA,NA,NA,NA,NA,NA,NA,NA,NA,NA,NA
"886",NA,NA,"ME",2024-07-03,NA,NA,NA,NA,NA,NA,NA,NA,NA,NA,NA,NA,NA,NA
"887",NA,NA,"ME",2024-07-04,NA,NA,NA,NA,NA,NA,NA,NA,NA,NA,NA,NA,NA,NA
"888",NA,NA,"ME",2024-07-05,NA,NA,NA,NA,NA,NA,NA,NA,NA,NA,NA,NA,NA,NA
"889",NA,NA,"ME",2024-07-06,NA,NA,NA,NA,NA,NA,NA,NA,NA,NA,NA,NA,NA,NA
"890",NA,NA,"ME",2024-07-07,NA,NA,NA,NA,NA,NA,NA,NA,NA,NA,NA,NA,NA,NA
"891",NA,NA,"ME",2024-07-08,NA,NA,NA,NA,NA,NA,NA,NA,NA,NA,NA,NA,NA,NA
"892",NA,NA,"ME",2024-07-09,NA,NA,NA,NA,NA,NA,NA,NA,NA,NA,NA,NA,NA,NA
"893",NA,NA,"ME",2024-07-10,NA,NA,NA,NA,NA,NA,NA,NA,NA,NA,NA,NA,NA,NA
"894",NA,NA,"ME",2024-07-11,NA,NA,NA,NA,NA,NA,NA,NA,NA,NA,NA,NA,NA,NA
"895",NA,NA,"ME",2024-07-12,NA,NA,NA,NA,NA,NA,NA,NA,NA,NA,NA,NA,NA,NA
"896",NA,NA,"ME",2024-07-13,NA,NA,NA,NA,NA,NA,NA,NA,NA,NA,NA,NA,NA,NA
"897",NA,NA,"ME",2024-07-14,NA,NA,NA,NA,NA,NA,NA,NA,NA,NA,NA,NA,NA,NA
"898",NA,NA,"ME",2024-07-15,NA,NA,NA,NA,NA,NA,NA,NA,NA,NA,NA,NA,NA,NA
"899",NA,NA,"ME",2024-07-16,NA,NA,NA,NA,NA,NA,NA,NA,NA,NA,NA,NA,NA,NA
"900",NA,NA,"ME",2024-07-17,NA,NA,NA,NA,NA,NA,NA,NA,NA,NA,NA,NA,NA,NA
"901",NA,NA,"ME",2024-07-18,NA,NA,NA,NA,NA,NA,NA,NA,NA,NA,NA,NA,NA,NA
"902",NA,NA,"ME",2024-07-19,NA,NA,NA,NA,NA,NA,NA,NA,NA,NA,NA,NA,NA,NA
"903",NA,NA,"ME",2024-07-20,NA,NA,NA,NA,NA,NA,NA,NA,NA,NA,NA,NA,NA,NA
"904",NA,NA,"ME",2024-07-21,NA,NA,NA,NA,NA,NA,NA,NA,NA,NA,NA,NA,NA,NA
"905",NA,NA,"ME",2024-07-22,NA,NA,NA,NA,NA,NA,NA,NA,NA,NA,NA,NA,NA,NA
"906",NA,NA,"ME",2024-07-23,NA,NA,NA,NA,NA,NA,NA,NA,NA,NA,NA,NA,NA,NA
"907",NA,NA,"ME",2024-07-24,NA,NA,NA,NA,NA,NA,NA,NA,NA,NA,NA,NA,NA,NA
"908",NA,NA,"ME",2024-07-25,NA,NA,NA,NA,NA,NA,NA,NA,NA,NA,NA,NA,NA,NA
"909",NA,NA,"ME",2024-07-26,NA,NA,NA,NA,NA,NA,NA,NA,NA,NA,NA,NA,NA,NA
"910",NA,NA,"ME",2024-07-27,NA,NA,NA,NA,NA,NA,NA,NA,NA,NA,NA,NA,NA,NA
"911",NA,NA,"ME",2024-07-28,NA,NA,NA,NA,NA,NA,NA,NA,NA,NA,NA,NA,NA,NA
"912",NA,NA,"ME",2024-07-29,NA,NA,NA,NA,NA,NA,NA,NA,NA,NA,NA,NA,NA,NA
"913",NA,NA,"ME",2024-07-30,NA,NA,NA,NA,NA,NA,NA,NA,NA,NA,NA,NA,NA,NA
"914",NA,NA,"ME",2024-07-31,NA,NA,NA,NA,NA,NA,NA,NA,NA,NA,NA,NA,NA,NA
"915",NA,NA,"ME",2024-08-01,NA,NA,NA,NA,NA,NA,NA,NA,NA,NA,NA,NA,NA,NA
"916",NA,NA,"ME",2024-08-02,NA,NA,NA,NA,NA,NA,NA,NA,NA,NA,NA,NA,NA,NA
"917",NA,NA,"ME",2024-08-03,NA,NA,NA,NA,NA,NA,NA,NA,NA,NA,NA,NA,NA,NA
"918",NA,NA,"ME",2024-08-04,NA,NA,NA,NA,NA,NA,NA,NA,NA,NA,NA,NA,NA,NA
"919",NA,NA,"ME",2024-08-05,NA,NA,NA,NA,NA,NA,NA,NA,NA,NA,NA,NA,NA,NA
"920",NA,NA,"ME",2024-08-06,NA,NA,NA,NA,NA,NA,NA,NA,NA,NA,NA,NA,NA,NA
"921",NA,NA,"ME",2024-08-07,NA,NA,NA,NA,NA,NA,NA,NA,NA,NA,NA,NA,NA,NA
"922",NA,NA,"ME",2024-08-08,NA,NA,NA,NA,NA,NA,NA,NA,NA,NA,NA,NA,NA,NA
"923",NA,NA,"ME",2024-08-09,NA,NA,NA,NA,NA,NA,NA,NA,NA,NA,NA,NA,NA,NA
"924",NA,NA,"ME",2024-08-10,NA,NA,NA,NA,NA,NA,NA,NA,NA,NA,NA,NA,NA,NA
"925",0.763214933127453,0.412536249677893,"MI",2024-06-30,1,1,1,1,1,1,1,0,0,1,1,1,0,1
"926",2.883676193691,0.381512863354158,"MI",2024-07-01,1,1,0,1,1,0,0,1,0,0,1,0,0,0
"927",3.3284886274464,0.398177212681906,"MI",2024-07-02,1,1,0,1,0,0,0,0,0,0,1,0,1,0
"928",3.10151059975228,0.418596611384102,"MI",2024-07-03,1,1,0,1,0,1,1,0,0,0,1,0,1,1
"929",2.10257792830622,0.363016657326212,"MI",2024-07-04,0,0,0,1,1,1,1,0,0,0,1,0,0,1
"930",1.72813743310605,0.407586444320301,"MI",2024-07-05,1,1,1,1,1,0,0,1,0,1,1,0,0,0
"931",2.14514347636651,0.395426199349741,"MI",2024-07-06,1,1,1,1,0,1,0,0,0,0,1,0,0,0
"932",1.27815130934992,0.410082098337531,"MI",2024-07-07,1,1,1,1,0,1,1,1,0,0,1,0,1,1
"933",5.09630253521061,0.381205805216886,"MI",2024-07-08,0,1,1,1,1,0,1,0,0,0,0,0,0,1
"934",3.96624093397954,0.401308483752768,"MI",2024-07-09,0,0,1,1,1,1,1,0,0,0,1,0,0,1
"935",3.69259028938879,0.414618586041427,"MI",2024-07-10,0,1,0,1,0,0,1,0,0,0,1,0,0,1
"936",3.9385815222745,0.40600698305546,"MI",2024-07-11,0,0,1,1,1,1,1,0,0,0,0,0,0,0
"937",3.03874968363572,0.410929707815487,"MI",2024-07-12,0,1,1,1,0,1,1,0,0,1,1,0,1,1
"938",3.16592531602134,0.340711367597007,"MI",2024-07-13,1,0,0,1,1,1,1,0,0,0,1,1,0,1
"939",2.20579747048988,0.422096123693131,"MI",2024-07-14,0,1,0,1,0,1,1,0,0,0,1,0,1,1
"940",1.97094253833003,0.4055743972482,"MI",2024-07-15,1,1,1,1,1,1,1,0,0,1,1,0,1,1
"941",1.98409897297669,0.400849288722378,"MI",2024-07-16,1,1,1,1,1,1,1,0,0,0,1,0,0,1
"942",3.50858099323872,0.412202007185478,"MI",2024-07-17,1,1,0,0,0,1,1,0,1,0,0,0,0,1
"943",3.72873583572522,0.401426851616964,"MI",2024-07-18,1,1,1,1,0,0,1,0,0,0,1,0,0,0
"944",3.5291073203646,0.414717540313678,"MI",2024-07-19,0,1,0,1,1,1,1,0,1,0,1,1,0,1
"945",1.66913036119409,0.41253570208247,"MI",2024-07-20,0,1,1,1,1,1,1,0,1,0,1,0,1,1
"946",3.16714875865457,0.427510370583734,"MI",2024-07-21,0,1,1,1,0,1,1,0,0,0,1,0,0,1
"947",4.86517481168246,0.427186291398892,"MI",2024-07-22,0,1,1,1,1,0,1,0,0,0,1,0,0,1
"948",1.44647667077064,0.453763058874497,"MI",2024-07-23,1,1,1,1,0,0,0,1,0,0,1,0,0,0
"949",1.89720976459858,0.428523228609453,"MI",2024-07-24,0,1,0,1,1,1,1,0,0,0,1,0,0,1
"950",2.41941125886586,0.400404355890463,"MI",2024-07-25,1,1,0,1,0,1,1,0,0,1,1,0,0,1
"951",2.58839492427927,0.356797281800652,"MI",2024-07-26,1,1,0,1,1,1,1,0,0,0,1,0,1,1
"952",2.01087859461915,0.447688853628138,"MI",2024-07-27,0,1,1,1,0,1,1,0,0,0,1,0,0,1
"953",2.44671861111,0.516693600585293,"MI",2024-07-28,0,1,1,1,1,1,1,0,1,1,1,0,0,1
"954",3.13787223058954,0.382013530743496,"MI",2024-07-29,1,0,0,1,1,1,0,0,0,0,1,0,0,0
"955",2.31190529489754,0.413700105416555,"MI",2024-07-30,0,1,0,1,1,1,1,0,0,0,1,0,0,1
"956",4.19110236568769,0.393614526343585,"MI",2024-07-31,0,1,0,1,0,0,1,0,1,0,1,0,0,1
"957",1.49116252754789,0.417653504757286,"MI",2024-08-01,0,1,1,1,1,1,1,0,0,1,1,1,1,1
"958",1.76437458908646,0.340710779266622,"MI",2024-08-02,1,1,1,1,0,1,1,0,0,0,1,0,0,1
"959",0.903333450006546,0.378134286321143,"MI",2024-08-03,1,1,1,1,1,1,1,0,1,1,1,1,0,1
"960",1.07873929179116,0.3589723263819,"MI",2024-08-04,0,1,1,1,1,1,1,0,0,0,1,0,1,1
"961",4.69545787292867,0.443864442005125,"MI",2024-08-05,0,1,1,1,0,1,1,0,0,0,1,0,0,1
"962",1.14414101239525,0.360226326086499,"MI",2024-08-06,1,1,1,1,1,1,1,0,0,1,1,0,0,1
"963",1.67386676753893,0.385455081851197,"MI",2024-08-07,0,1,1,1,1,0,1,0,1,0,1,0,0,1
"964",1.75123683278332,0.288808252979637,"MI",2024-08-08,0,1,1,1,0,1,1,0,1,0,1,1,1,1
"965",4.85765745126606,0.452024545130165,"MI",2024-08-09,0,1,1,1,1,1,0,0,0,0,1,1,0,0
"966",4.58521293293846,0.509601480851241,"MI",2024-08-10,0,1,1,1,0,1,1,0,1,1,1,0,0,1
"967",1.91023094716328,0.3834806923706,"MN",2024-06-30,0,0,1,1,1,1,1,1,0,0,0,0,1,1
"968",2.46020656022491,0.376281481249205,"MN",2024-07-01,1,0,1,1,0,1,1,0,0,0,1,0,0,1
"969",2.95501686461754,0.438235309902541,"MN",2024-07-02,1,1,1,1,0,0,1,0,0,0,1,0,1,1
"970",2.64508787294931,0.366369528178409,"MN",2024-07-03,1,0,0,1,1,1,0,0,0,0,1,1,0,0
"971",2.07846478633508,0.374147550243168,"MN",2024-07-04,0,1,1,1,1,1,1,0,0,0,1,0,0,1
"972",2.05931724398501,0.335110455349024,"MN",2024-07-05,1,1,0,1,1,1,1,0,0,0,1,0,1,1
"973",2.76092571986269,0.369551704604581,"MN",2024-07-06,1,0,0,1,1,1,1,0,0,1,1,1,1,1
"974",2.20636228049044,0.393327970424193,"MN",2024-07-07,1,1,0,1,1,1,1,0,0,0,1,0,1,1
"975",1.51607319848178,0.38606796185419,"MN",2024-07-08,1,1,1,1,1,1,1,0,0,0,1,1,0,1
"976",2.07722521863369,0.380264916996834,"MN",2024-07-09,1,1,1,1,1,1,1,0,0,0,1,0,0,0
"977",3.25874957313299,0.414437339974409,"MN",2024-07-10,0,0,1,1,1,0,0,0,0,0,1,0,0,0
"978",2.75830614763335,0.399655253249132,"MN",2024-07-11,1,1,1,1,1,1,0,0,0,0,1,0,0,0
"979",2.94136517219182,0.42979005901704,"MN",2024-07-12,0,0,1,1,1,1,1,0,1,0,1,0,1,0
"980",2.35921357242418,0.433777341410513,"MN",2024-07-13,1,0,1,1,0,1,1,0,0,0,1,0,1,1
"981",1.98983428624204,0.404337964393363,"MN",2024-07-14,0,0,1,1,1,1,1,0,0,0,1,0,0,1
"982",5.89387459673844,0.433974054256369,"MN",2024-07-15,0,0,0,1,1,0,1,0,0,0,0,0,0,1
"983",2.32996800180477,0.407418906029704,"MN",2024-07-16,0,1,1,1,1,1,1,0,0,0,1,0,1,1
"984",4.63105761345583,0.439748008230817,"MN",2024-07-17,0,1,0,1,1,1,1,0,1,0,1,0,1,1
"985",4.89778393137111,0.382744209394941,"MN",2024-07-18,0,0,0,1,1,0,1,0,0,0,0,0,0,1
"986",4.00860444127919,0.402804834115477,"MN",2024-07-19,0,0,0,1,0,1,1,0,0,0,1,0,0,1
"987",1.65726506975211,0.344847199370358,"MN",2024-07-20,1,0,1,1,1,1,1,1,0,0,1,0,0,1
"988",2.60795356916926,0.407726765967023,"MN",2024-07-21,1,1,1,0,1,1,1,1,0,0,0,0,0,1
"989",6.33244573673295,0.429041981512289,"MN",2024-07-22,1,1,0,1,0,0,1,0,0,0,1,0,0,1
"990",2.06295639606384,0.411255276066726,"MN",2024-07-23,1,1,1,1,0,1,1,1,0,0,1,0,0,1
"991",2.26061658081452,0.395800125433312,"MN",2024-07-24,1,1,1,1,0,1,1,0,0,0,1,0,0,1
"992",3.11552843749435,0.411648173698647,"MN",2024-07-25,0,1,1,0,0,1,1,0,0,0,0,0,0,1
"993",5.62116544979797,0.452369277167496,"MN",2024-07-26,0,0,0,1,0,0,1,0,0,0,1,0,0,1
"994",6.1497536095127,0.449427300313448,"MN",2024-07-27,0,1,0,1,0,1,1,0,1,0,1,0,0,1
"995",1.82986347020457,0.408332648326795,"MN",2024-07-28,0,1,1,1,1,1,1,0,1,0,1,0,0,1
"996",4.77629845395659,0.436964058808982,"MN",2024-07-29,0,0,1,1,1,1,0,0,0,0,1,0,0,0
"997",7.5336960203113,0.430832477867097,"MN",2024-07-30,0,0,0,1,1,1,1,0,0,0,1,0,0,1
"998",2.87313057442658,0.411070606053981,"MN",2024-07-31,0,1,0,1,1,1,1,0,0,0,1,0,0,1
"999",4.44080270809344,0.441391763803336,"MN",2024-08-01,0,1,0,1,1,1,0,0,0,0,1,0,0,0
"1000",1.97435531644869,0.377226301943409,"MN",2024-08-02,0,1,1,1,1,1,1,0,0,1,1,0,0,1
"1001",2.09250229900382,0.375089559999343,"MN",2024-08-03,1,0,0,1,1,1,1,0,0,0,1,1,1,1
"1002",2.43813052436104,0.410165013116024,"MN",2024-08-04,0,1,1,1,0,1,1,0,0,0,1,0,0,1
"1003",3.1884852353405,0.3868401746121,"MN",2024-08-05,1,1,0,1,0,0,1,1,0,0,1,1,0,1
"1004",1.60455900825755,0.387475540568255,"MN",2024-08-06,1,1,1,1,0,0,1,1,0,0,1,0,0,1
"1005",2.60734603065418,0.439063646904422,"MN",2024-08-07,0,1,1,1,0,1,1,0,0,1,1,0,0,1
"1006",5.83020962760058,0.434865310241488,"MN",2024-08-08,0,1,0,1,0,0,0,0,0,0,1,0,0,0
"1007",1.28144769946635,0.400610217918776,"MN",2024-08-09,1,1,1,1,1,1,1,0,1,0,1,0,0,1
"1008",2.54520872213884,0.39586148844317,"MN",2024-08-10,0,0,1,1,1,1,1,0,0,0,1,0,0,1
"1009",0.567286229884779,0.347920193670001,"MO",2024-06-30,1,0,1,1,1,1,1,1,0,0,1,1,1,1
"1010",0.641534351848193,0.413787260813368,"MO",2024-07-01,1,1,1,1,1,1,1,1,1,1,1,0,0,1
"1011",NA,NA,"MO",2024-07-02,NA,NA,NA,NA,NA,NA,NA,NA,NA,NA,NA,NA,NA,NA
"1012",0.588553866400713,0.382271714611558,"MO",2024-07-03,0,1,1,1,1,1,1,0,1,0,1,1,1,1
"1013",NA,NA,"MO",2024-07-04,NA,NA,NA,NA,NA,NA,NA,NA,NA,NA,NA,NA,NA,NA
"1014",NA,NA,"MO",2024-07-05,NA,NA,NA,NA,NA,NA,NA,NA,NA,NA,NA,NA,NA,NA
"1015",0.504794282167527,0.339569552072632,"MO",2024-07-06,1,1,0,1,1,1,1,1,1,1,1,1,1,1
"1016",NA,NA,"MO",2024-07-07,NA,NA,NA,NA,NA,NA,NA,NA,NA,NA,NA,NA,NA,NA
"1017",0.954987610108629,0.440407715786896,"MO",2024-07-08,1,1,1,1,0,1,1,0,0,1,1,0,1,0
"1018",NA,NA,"MO",2024-07-09,NA,NA,NA,NA,NA,NA,NA,NA,NA,NA,NA,NA,NA,NA
"1019",0.656268094666907,0.423298298516529,"MO",2024-07-10,0,1,1,1,1,1,1,0,1,0,1,1,1,1
"1020",NA,NA,"MO",2024-07-11,NA,NA,NA,NA,NA,NA,NA,NA,NA,NA,NA,NA,NA,NA
"1021",NA,NA,"MO",2024-07-12,NA,NA,NA,NA,NA,NA,NA,NA,NA,NA,NA,NA,NA,NA
"1022",NA,NA,"MO",2024-07-13,NA,NA,NA,NA,NA,NA,NA,NA,NA,NA,NA,NA,NA,NA
"1023",NA,NA,"MO",2024-07-14,NA,NA,NA,NA,NA,NA,NA,NA,NA,NA,NA,NA,NA,NA
"1024",0.595989560880073,0.381122226500119,"MO",2024-07-15,1,0,1,1,1,1,1,1,0,0,1,1,1,1
"1025",NA,NA,"MO",2024-07-16,NA,NA,NA,NA,NA,NA,NA,NA,NA,NA,NA,NA,NA,NA
"1026",0.512291113089967,0.323104259786851,"MO",2024-07-17,1,1,0,1,1,1,1,1,1,1,1,1,1,1
"1027",NA,NA,"MO",2024-07-18,NA,NA,NA,NA,NA,NA,NA,NA,NA,NA,NA,NA,NA,NA
"1028",NA,NA,"MO",2024-07-19,NA,NA,NA,NA,NA,NA,NA,NA,NA,NA,NA,NA,NA,NA
"1029",NA,NA,"MO",2024-07-20,NA,NA,NA,NA,NA,NA,NA,NA,NA,NA,NA,NA,NA,NA
"1030",NA,NA,"MO",2024-07-21,NA,NA,NA,NA,NA,NA,NA,NA,NA,NA,NA,NA,NA,NA
"1031",NA,NA,"MO",2024-07-22,NA,NA,NA,NA,NA,NA,NA,NA,NA,NA,NA,NA,NA,NA
"1032",0.588185704153305,0.363694018077435,"MO",2024-07-23,1,1,1,1,0,1,1,1,1,0,1,0,1,1
"1033",0.584382968722833,0.355959864979517,"MO",2024-07-24,1,1,1,1,0,1,1,1,1,1,1,1,1,1
"1034",1.43664413093137,0.447433987541123,"MO",2024-07-25,0,1,1,1,1,1,1,0,1,0,1,0,0,1
"1035",0.671291652994895,0.425816727093905,"MO",2024-07-26,1,0,1,1,1,1,1,0,0,1,1,1,1,1
"1036",NA,NA,"MO",2024-07-27,NA,NA,NA,NA,NA,NA,NA,NA,NA,NA,NA,NA,NA,NA
"1037",1.5786007779206,0.520912194123987,"MO",2024-07-28,0,1,1,1,1,1,1,0,1,0,1,0,1,1
"1038",NA,NA,"MO",2024-07-29,NA,NA,NA,NA,NA,NA,NA,NA,NA,NA,NA,NA,NA,NA
"1039",NA,NA,"MO",2024-07-30,NA,NA,NA,NA,NA,NA,NA,NA,NA,NA,NA,NA,NA,NA
"1040",0.530726235359449,0.342199760868942,"MO",2024-07-31,1,1,0,1,1,1,1,1,1,0,1,1,0,1
"1041",NA,NA,"MO",2024-08-01,NA,NA,NA,NA,NA,NA,NA,NA,NA,NA,NA,NA,NA,NA
"1042",NA,NA,"MO",2024-08-02,NA,NA,NA,NA,NA,NA,NA,NA,NA,NA,NA,NA,NA,NA
"1043",NA,NA,"MO",2024-08-03,NA,NA,NA,NA,NA,NA,NA,NA,NA,NA,NA,NA,NA,NA
"1044",NA,NA,"MO",2024-08-04,NA,NA,NA,NA,NA,NA,NA,NA,NA,NA,NA,NA,NA,NA
"1045",NA,NA,"MO",2024-08-05,NA,NA,NA,NA,NA,NA,NA,NA,NA,NA,NA,NA,NA,NA
"1046",0.823232495355949,0.567813727036112,"MO",2024-08-06,0,1,1,1,1,1,1,0,1,1,1,1,0,1
"1047",0.563022489038331,0.36987664083953,"MO",2024-08-07,1,1,0,1,1,1,1,1,1,1,1,1,1,1
"1048",1.12789591511286,0.537750055071113,"MO",2024-08-08,0,0,1,1,1,1,1,0,0,0,1,1,0,1
"1049",NA,NA,"MO",2024-08-09,NA,NA,NA,NA,NA,NA,NA,NA,NA,NA,NA,NA,NA,NA
"1050",NA,NA,"MO",2024-08-10,NA,NA,NA,NA,NA,NA,NA,NA,NA,NA,NA,NA,NA,NA
"1051",NA,NA,"MS",2024-06-30,NA,NA,NA,NA,NA,NA,NA,NA,NA,NA,NA,NA,NA,NA
"1052",1.31542392667397,0.406837287719215,"MS",2024-07-01,0,1,1,1,1,1,1,0,0,1,1,1,1,1
"1053",0.73051163380741,0.516651260323252,"MS",2024-07-02,1,1,1,1,0,1,1,1,1,1,1,1,1,1
"1054",0.413375218238664,0.277708633327916,"MS",2024-07-03,1,1,1,1,1,1,1,0,0,1,1,1,1,1
"1055",NA,NA,"MS",2024-07-04,NA,NA,NA,NA,NA,NA,NA,NA,NA,NA,NA,NA,NA,NA
"1056",NA,NA,"MS",2024-07-05,NA,NA,NA,NA,NA,NA,NA,NA,NA,NA,NA,NA,NA,NA
"1057",NA,NA,"MS",2024-07-06,NA,NA,NA,NA,NA,NA,NA,NA,NA,NA,NA,NA,NA,NA
"1058",NA,NA,"MS",2024-07-07,NA,NA,NA,NA,NA,NA,NA,NA,NA,NA,NA,NA,NA,NA
"1059",NA,NA,"MS",2024-07-08,NA,NA,NA,NA,NA,NA,NA,NA,NA,NA,NA,NA,NA,NA
"1060",0.456068883181422,0.368152679642602,"MS",2024-07-09,1,1,1,1,1,1,1,0,1,0,1,1,1,1
"1061",NA,NA,"MS",2024-07-10,NA,NA,NA,NA,NA,NA,NA,NA,NA,NA,NA,NA,NA,NA
"1062",NA,NA,"MS",2024-07-11,NA,NA,NA,NA,NA,NA,NA,NA,NA,NA,NA,NA,NA,NA
"1063",NA,NA,"MS",2024-07-12,NA,NA,NA,NA,NA,NA,NA,NA,NA,NA,NA,NA,NA,NA
"1064",NA,NA,"MS",2024-07-13,NA,NA,NA,NA,NA,NA,NA,NA,NA,NA,NA,NA,NA,NA
"1065",NA,NA,"MS",2024-07-14,NA,NA,NA,NA,NA,NA,NA,NA,NA,NA,NA,NA,NA,NA
"1066",0.432958696108377,0.357902883442041,"MS",2024-07-15,1,1,1,1,1,1,1,1,0,0,1,1,1,1
"1067",0.719380302288276,0.483784269035994,"MS",2024-07-16,0,1,1,1,1,1,1,0,1,1,1,0,1,1
"1068",1.36123192372104,0.437854870646422,"MS",2024-07-17,1,1,0,1,1,0,1,1,1,0,1,1,0,1
"1069",0.469021905654234,0.35519343358961,"MS",2024-07-18,1,1,1,1,1,1,1,1,0,0,1,1,1,1
"1070",NA,NA,"MS",2024-07-19,NA,NA,NA,NA,NA,NA,NA,NA,NA,NA,NA,NA,NA,NA
"1071",NA,NA,"MS",2024-07-20,NA,NA,NA,NA,NA,NA,NA,NA,NA,NA,NA,NA,NA,NA
"1072",NA,NA,"MS",2024-07-21,NA,NA,NA,NA,NA,NA,NA,NA,NA,NA,NA,NA,NA,NA
"1073",1.15619613732657,0.40666921607891,"MS",2024-07-22,0,1,0,1,1,1,1,0,0,1,1,1,1,1
"1074",1.72452270618256,0.354751006147044,"MS",2024-07-23,1,1,0,1,1,1,1,1,0,0,1,1,0,1
"1075",0.869190295235554,0.430782477590262,"MS",2024-07-24,0,1,1,1,1,1,1,0,0,0,1,1,0,1
"1076",0.507307862903985,0.346403927485865,"MS",2024-07-25,1,1,1,1,1,1,1,1,0,1,1,0,1,1
"1077",0.673131923747242,0.350778124009222,"MS",2024-07-26,1,1,1,1,1,1,1,1,1,1,1,1,1,1
"1078",NA,NA,"MS",2024-07-27,NA,NA,NA,NA,NA,NA,NA,NA,NA,NA,NA,NA,NA,NA
"1079",NA,NA,"MS",2024-07-28,NA,NA,NA,NA,NA,NA,NA,NA,NA,NA,NA,NA,NA,NA
"1080",1.32130205371717,0.380176766969275,"MS",2024-07-29,1,1,0,1,1,1,1,0,1,0,1,0,0,1
"1081",NA,NA,"MS",2024-07-30,NA,NA,NA,NA,NA,NA,NA,NA,NA,NA,NA,NA,NA,NA
"1082",1.28319266363692,0.415661633450585,"MS",2024-07-31,0,1,1,1,1,1,1,0,1,1,1,0,0,1
"1083",NA,NA,"MS",2024-08-01,NA,NA,NA,NA,NA,NA,NA,NA,NA,NA,NA,NA,NA,NA
"1084",1.18109608607843,0.359400685937871,"MS",2024-08-02,1,1,0,1,1,1,1,1,0,0,1,0,1,1
"1085",NA,NA,"MS",2024-08-03,NA,NA,NA,NA,NA,NA,NA,NA,NA,NA,NA,NA,NA,NA
"1086",NA,NA,"MS",2024-08-04,NA,NA,NA,NA,NA,NA,NA,NA,NA,NA,NA,NA,NA,NA
"1087",0.40546335799152,0.267915150731349,"MS",2024-08-05,1,1,1,1,1,1,1,1,1,1,1,1,1,1
"1088",2.48980223444227,0.529367629746148,"MS",2024-08-06,0,1,1,1,0,1,1,0,0,0,1,1,0,1
"1089",1.7173887619597,0.417062703596855,"MS",2024-08-07,0,1,1,1,1,1,1,0,1,0,1,0,0,1
"1090",0.63618547000254,0.431580718387844,"MS",2024-08-08,1,0,1,1,1,1,1,1,0,1,1,0,1,1
"1091",1.5265599461116,0.581237513348227,"MS",2024-08-09,0,1,1,1,1,1,0,0,0,0,1,0,0,0
"1092",NA,NA,"MS",2024-08-10,NA,NA,NA,NA,NA,NA,NA,NA,NA,NA,NA,NA,NA,NA
"1093",NA,NA,"MT",2024-06-30,NA,NA,NA,NA,NA,NA,NA,NA,NA,NA,NA,NA,NA,NA
"1094",NA,NA,"MT",2024-07-01,NA,NA,NA,NA,NA,NA,NA,NA,NA,NA,NA,NA,NA,NA
"1095",NA,NA,"MT",2024-07-02,NA,NA,NA,NA,NA,NA,NA,NA,NA,NA,NA,NA,NA,NA
"1096",NA,NA,"MT",2024-07-03,NA,NA,NA,NA,NA,NA,NA,NA,NA,NA,NA,NA,NA,NA
"1097",NA,NA,"MT",2024-07-04,NA,NA,NA,NA,NA,NA,NA,NA,NA,NA,NA,NA,NA,NA
"1098",NA,NA,"MT",2024-07-05,NA,NA,NA,NA,NA,NA,NA,NA,NA,NA,NA,NA,NA,NA
"1099",NA,NA,"MT",2024-07-06,NA,NA,NA,NA,NA,NA,NA,NA,NA,NA,NA,NA,NA,NA
"1100",NA,NA,"MT",2024-07-07,NA,NA,NA,NA,NA,NA,NA,NA,NA,NA,NA,NA,NA,NA
"1101",NA,NA,"MT",2024-07-08,NA,NA,NA,NA,NA,NA,NA,NA,NA,NA,NA,NA,NA,NA
"1102",NA,NA,"MT",2024-07-09,NA,NA,NA,NA,NA,NA,NA,NA,NA,NA,NA,NA,NA,NA
"1103",NA,NA,"MT",2024-07-10,NA,NA,NA,NA,NA,NA,NA,NA,NA,NA,NA,NA,NA,NA
"1104",NA,NA,"MT",2024-07-11,NA,NA,NA,NA,NA,NA,NA,NA,NA,NA,NA,NA,NA,NA
"1105",NA,NA,"MT",2024-07-12,NA,NA,NA,NA,NA,NA,NA,NA,NA,NA,NA,NA,NA,NA
"1106",NA,NA,"MT",2024-07-13,NA,NA,NA,NA,NA,NA,NA,NA,NA,NA,NA,NA,NA,NA
"1107",NA,NA,"MT",2024-07-14,NA,NA,NA,NA,NA,NA,NA,NA,NA,NA,NA,NA,NA,NA
"1108",NA,NA,"MT",2024-07-15,NA,NA,NA,NA,NA,NA,NA,NA,NA,NA,NA,NA,NA,NA
"1109",NA,NA,"MT",2024-07-16,NA,NA,NA,NA,NA,NA,NA,NA,NA,NA,NA,NA,NA,NA
"1110",NA,NA,"MT",2024-07-17,NA,NA,NA,NA,NA,NA,NA,NA,NA,NA,NA,NA,NA,NA
"1111",NA,NA,"MT",2024-07-18,NA,NA,NA,NA,NA,NA,NA,NA,NA,NA,NA,NA,NA,NA
"1112",NA,NA,"MT",2024-07-19,NA,NA,NA,NA,NA,NA,NA,NA,NA,NA,NA,NA,NA,NA
"1113",NA,NA,"MT",2024-07-20,NA,NA,NA,NA,NA,NA,NA,NA,NA,NA,NA,NA,NA,NA
"1114",NA,NA,"MT",2024-07-21,NA,NA,NA,NA,NA,NA,NA,NA,NA,NA,NA,NA,NA,NA
"1115",NA,NA,"MT",2024-07-22,NA,NA,NA,NA,NA,NA,NA,NA,NA,NA,NA,NA,NA,NA
"1116",NA,NA,"MT",2024-07-23,NA,NA,NA,NA,NA,NA,NA,NA,NA,NA,NA,NA,NA,NA
"1117",NA,NA,"MT",2024-07-24,NA,NA,NA,NA,NA,NA,NA,NA,NA,NA,NA,NA,NA,NA
"1118",NA,NA,"MT",2024-07-25,NA,NA,NA,NA,NA,NA,NA,NA,NA,NA,NA,NA,NA,NA
"1119",NA,NA,"MT",2024-07-26,NA,NA,NA,NA,NA,NA,NA,NA,NA,NA,NA,NA,NA,NA
"1120",NA,NA,"MT",2024-07-27,NA,NA,NA,NA,NA,NA,NA,NA,NA,NA,NA,NA,NA,NA
"1121",NA,NA,"MT",2024-07-28,NA,NA,NA,NA,NA,NA,NA,NA,NA,NA,NA,NA,NA,NA
"1122",NA,NA,"MT",2024-07-29,NA,NA,NA,NA,NA,NA,NA,NA,NA,NA,NA,NA,NA,NA
"1123",NA,NA,"MT",2024-07-30,NA,NA,NA,NA,NA,NA,NA,NA,NA,NA,NA,NA,NA,NA
"1124",NA,NA,"MT",2024-07-31,NA,NA,NA,NA,NA,NA,NA,NA,NA,NA,NA,NA,NA,NA
"1125",NA,NA,"MT",2024-08-01,NA,NA,NA,NA,NA,NA,NA,NA,NA,NA,NA,NA,NA,NA
"1126",NA,NA,"MT",2024-08-02,NA,NA,NA,NA,NA,NA,NA,NA,NA,NA,NA,NA,NA,NA
"1127",NA,NA,"MT",2024-08-03,NA,NA,NA,NA,NA,NA,NA,NA,NA,NA,NA,NA,NA,NA
"1128",NA,NA,"MT",2024-08-04,NA,NA,NA,NA,NA,NA,NA,NA,NA,NA,NA,NA,NA,NA
"1129",NA,NA,"MT",2024-08-05,NA,NA,NA,NA,NA,NA,NA,NA,NA,NA,NA,NA,NA,NA
"1130",NA,NA,"MT",2024-08-06,NA,NA,NA,NA,NA,NA,NA,NA,NA,NA,NA,NA,NA,NA
"1131",NA,NA,"MT",2024-08-07,NA,NA,NA,NA,NA,NA,NA,NA,NA,NA,NA,NA,NA,NA
"1132",NA,NA,"MT",2024-08-08,NA,NA,NA,NA,NA,NA,NA,NA,NA,NA,NA,NA,NA,NA
"1133",NA,NA,"MT",2024-08-09,NA,NA,NA,NA,NA,NA,NA,NA,NA,NA,NA,NA,NA,NA
"1134",NA,NA,"MT",2024-08-10,NA,NA,NA,NA,NA,NA,NA,NA,NA,NA,NA,NA,NA,NA
"1135",NA,NA,"NC",2024-06-30,NA,NA,NA,NA,NA,NA,NA,NA,NA,NA,NA,NA,NA,NA
"1136",1.4007491516346,0.411331117105058,"NC",2024-07-01,1,1,1,1,1,1,0,1,0,0,1,0,0,0
"1137",0.600920640745933,0.449480845062709,"NC",2024-07-02,1,1,1,1,1,0,1,0,1,1,1,1,0,1
"1138",1.27112933205597,0.382961592434936,"NC",2024-07-03,1,1,1,1,1,1,1,0,0,0,1,0,1,1
"1139",NA,NA,"NC",2024-07-04,NA,NA,NA,NA,NA,NA,NA,NA,NA,NA,NA,NA,NA,NA
"1140",0.518229254448542,0.346194909916408,"NC",2024-07-05,1,0,1,1,1,1,1,1,1,1,1,1,1,1
"1141",NA,NA,"NC",2024-07-06,NA,NA,NA,NA,NA,NA,NA,NA,NA,NA,NA,NA,NA,NA
"1142",NA,NA,"NC",2024-07-07,NA,NA,NA,NA,NA,NA,NA,NA,NA,NA,NA,NA,NA,NA
"1143",0.565314943472527,0.418019712428368,"NC",2024-07-08,0,1,1,1,1,1,1,0,0,1,1,1,1,1
"1144",1.39581276067701,0.385009063963643,"NC",2024-07-09,0,1,1,1,1,1,1,0,0,1,1,1,1,1
"1145",1.46444799664802,0.370644086004659,"NC",2024-07-10,1,1,0,1,1,1,1,0,0,0,1,0,0,1
"1146",1.0239387250578,0.391058846877798,"NC",2024-07-11,1,1,1,1,1,1,1,0,0,1,1,1,0,1
"1147",1.44952618871598,0.451415589452229,"NC",2024-07-12,1,1,0,0,1,0,1,0,0,1,0,0,0,1
"1148",NA,NA,"NC",2024-07-13,NA,NA,NA,NA,NA,NA,NA,NA,NA,NA,NA,NA,NA,NA
"1149",NA,NA,"NC",2024-07-14,NA,NA,NA,NA,NA,NA,NA,NA,NA,NA,NA,NA,NA,NA
"1150",2.21307042122091,0.413499784984599,"NC",2024-07-15,0,1,1,1,1,0,1,0,0,1,1,0,1,0
"1151",0.461911692450616,0.336405356670941,"NC",2024-07-16,1,1,1,1,1,1,1,1,1,1,1,1,1,1
"1152",2.19709936890102,0.436155592936928,"NC",2024-07-17,1,0,0,1,1,0,1,0,0,0,1,0,0,1
"1153",1.87292764686579,0.40525013312536,"NC",2024-07-18,1,0,0,1,1,1,1,1,0,0,1,0,1,1
"1154",1.58062643482997,0.430551171727682,"NC",2024-07-19,0,1,0,1,1,1,1,0,0,0,1,1,0,1
"1155",NA,NA,"NC",2024-07-20,NA,NA,NA,NA,NA,NA,NA,NA,NA,NA,NA,NA,NA,NA
"1156",NA,NA,"NC",2024-07-21,NA,NA,NA,NA,NA,NA,NA,NA,NA,NA,NA,NA,NA,NA
"1157",3.6545805658782,0.442357758358171,"NC",2024-07-22,0,1,0,1,1,1,1,0,0,0,1,0,0,1
"1158",1.35071773013495,0.418598608381975,"NC",2024-07-23,1,0,1,1,1,1,1,0,0,1,1,0,0,1
"1159",3.3643867162623,0.441254710870063,"NC",2024-07-24,0,1,1,1,1,0,1,0,1,0,1,1,0,1
"1160",4.74252841576458,0.423702221244915,"NC",2024-07-25,0,1,0,1,0,1,1,0,0,0,1,0,0,1
"1161",1.20971379112856,0.402580589548216,"NC",2024-07-26,1,1,1,1,1,1,1,0,1,0,1,1,0,1
"1162",0.607137650834864,0.418617426757324,"NC",2024-07-27,1,0,1,1,1,1,1,1,1,1,1,1,1,1
"1163",NA,NA,"NC",2024-07-28,NA,NA,NA,NA,NA,NA,NA,NA,NA,NA,NA,NA,NA,NA
"1164",3.18868226334555,0.426828816102198,"NC",2024-07-29,0,0,1,1,0,1,1,0,0,0,1,0,0,1
"1165",4.40732153139617,0.457281896874037,"NC",2024-07-30,0,0,0,1,0,1,1,0,0,0,1,0,0,1
"1166",3.0975180672844,0.432651478047146,"NC",2024-07-31,0,1,0,1,1,0,1,0,1,0,1,0,0,1
"1167",4.26851888377456,0.387715180910631,"NC",2024-08-01,0,0,0,1,0,0,1,0,0,0,1,0,0,1
"1168",2.3819525375375,0.428104119627667,"NC",2024-08-02,0,1,0,1,1,1,1,0,1,0,1,0,0,1
"1169",NA,NA,"NC",2024-08-03,NA,NA,NA,NA,NA,NA,NA,NA,NA,NA,NA,NA,NA,NA
"1170",NA,NA,"NC",2024-08-04,NA,NA,NA,NA,NA,NA,NA,NA,NA,NA,NA,NA,NA,NA
"1171",5.88275561589445,0.427672151092368,"NC",2024-08-05,0,1,0,1,1,1,1,0,0,0,1,0,0,1
"1172",5.93214149051884,0.459011310680673,"NC",2024-08-06,0,0,1,1,0,0,1,0,1,0,1,0,1,1
"1173",4.61158721623685,0.484335517830983,"NC",2024-08-07,0,0,0,1,0,1,1,0,1,0,1,0,0,1
"1174",3.01200894631456,0.457038552948285,"NC",2024-08-08,0,1,1,1,1,1,1,0,0,0,1,0,0,1
"1175",1.25768243079557,0.368757339822862,"NC",2024-08-09,1,1,1,1,1,1,1,1,0,0,1,0,0,1
"1176",0.731791129293759,0.497775765212033,"NC",2024-08-10,1,0,1,1,1,1,1,1,0,1,1,0,1,1
"1177",NA,NA,"ND",2024-06-30,NA,NA,NA,NA,NA,NA,NA,NA,NA,NA,NA,NA,NA,NA
"1178",NA,NA,"ND",2024-07-01,NA,NA,NA,NA,NA,NA,NA,NA,NA,NA,NA,NA,NA,NA
"1179",NA,NA,"ND",2024-07-02,NA,NA,NA,NA,NA,NA,NA,NA,NA,NA,NA,NA,NA,NA
"1180",0.661310275107813,0.473754049873681,"ND",2024-07-03,1,1,1,1,1,0,1,1,0,1,1,1,0,1
"1181",NA,NA,"ND",2024-07-04,NA,NA,NA,NA,NA,NA,NA,NA,NA,NA,NA,NA,NA,NA
"1182",NA,NA,"ND",2024-07-05,NA,NA,NA,NA,NA,NA,NA,NA,NA,NA,NA,NA,NA,NA
"1183",NA,NA,"ND",2024-07-06,NA,NA,NA,NA,NA,NA,NA,NA,NA,NA,NA,NA,NA,NA
"1184",NA,NA,"ND",2024-07-07,NA,NA,NA,NA,NA,NA,NA,NA,NA,NA,NA,NA,NA,NA
"1185",NA,NA,"ND",2024-07-08,NA,NA,NA,NA,NA,NA,NA,NA,NA,NA,NA,NA,NA,NA
"1186",NA,NA,"ND",2024-07-09,NA,NA,NA,NA,NA,NA,NA,NA,NA,NA,NA,NA,NA,NA
"1187",0.602667137914241,0.424902699890983,"ND",2024-07-10,1,0,1,1,1,1,1,1,0,1,1,0,1,1
"1188",NA,NA,"ND",2024-07-11,NA,NA,NA,NA,NA,NA,NA,NA,NA,NA,NA,NA,NA,NA
"1189",NA,NA,"ND",2024-07-12,NA,NA,NA,NA,NA,NA,NA,NA,NA,NA,NA,NA,NA,NA
"1190",NA,NA,"ND",2024-07-13,NA,NA,NA,NA,NA,NA,NA,NA,NA,NA,NA,NA,NA,NA
"1191",NA,NA,"ND",2024-07-14,NA,NA,NA,NA,NA,NA,NA,NA,NA,NA,NA,NA,NA,NA
"1192",1.66208512266184,0.357316567962646,"ND",2024-07-15,1,1,0,1,1,1,1,1,0,0,1,1,1,1
"1193",NA,NA,"ND",2024-07-16,NA,NA,NA,NA,NA,NA,NA,NA,NA,NA,NA,NA,NA,NA
"1194",0.676045899629059,0.431416598258384,"ND",2024-07-17,1,1,1,1,1,0,1,1,1,1,1,1,1,1
"1195",0.551013227986971,0.366647057247866,"ND",2024-07-18,0,1,1,1,1,1,1,0,0,1,1,1,1,1
"1196",NA,NA,"ND",2024-07-19,NA,NA,NA,NA,NA,NA,NA,NA,NA,NA,NA,NA,NA,NA
"1197",NA,NA,"ND",2024-07-20,NA,NA,NA,NA,NA,NA,NA,NA,NA,NA,NA,NA,NA,NA
"1198",NA,NA,"ND",2024-07-21,NA,NA,NA,NA,NA,NA,NA,NA,NA,NA,NA,NA,NA,NA
"1199",0.590332041983222,0.394565266976385,"ND",2024-07-22,0,1,1,1,1,1,1,0,1,0,1,1,1,1
"1200",NA,NA,"ND",2024-07-23,NA,NA,NA,NA,NA,NA,NA,NA,NA,NA,NA,NA,NA,NA
"1201",NA,NA,"ND",2024-07-24,NA,NA,NA,NA,NA,NA,NA,NA,NA,NA,NA,NA,NA,NA
"1202",NA,NA,"ND",2024-07-25,NA,NA,NA,NA,NA,NA,NA,NA,NA,NA,NA,NA,NA,NA
"1203",NA,NA,"ND",2024-07-26,NA,NA,NA,NA,NA,NA,NA,NA,NA,NA,NA,NA,NA,NA
"1204",NA,NA,"ND",2024-07-27,NA,NA,NA,NA,NA,NA,NA,NA,NA,NA,NA,NA,NA,NA
"1205",NA,NA,"ND",2024-07-28,NA,NA,NA,NA,NA,NA,NA,NA,NA,NA,NA,NA,NA,NA
"1206",NA,NA,"ND",2024-07-29,NA,NA,NA,NA,NA,NA,NA,NA,NA,NA,NA,NA,NA,NA
"1207",NA,NA,"ND",2024-07-30,NA,NA,NA,NA,NA,NA,NA,NA,NA,NA,NA,NA,NA,NA
"1208",0.48381747865766,0.334382818190045,"ND",2024-07-31,1,1,1,1,1,1,1,1,0,1,1,0,1,1
"1209",0.478322735709746,0.326217924955637,"ND",2024-08-01,1,1,1,1,1,1,1,1,1,0,1,0,1,1
"1210",NA,NA,"ND",2024-08-02,NA,NA,NA,NA,NA,NA,NA,NA,NA,NA,NA,NA,NA,NA
"1211",NA,NA,"ND",2024-08-03,NA,NA,NA,NA,NA,NA,NA,NA,NA,NA,NA,NA,NA,NA
"1212",NA,NA,"ND",2024-08-04,NA,NA,NA,NA,NA,NA,NA,NA,NA,NA,NA,NA,NA,NA
"1213",0.776967851115039,0.427310438603776,"ND",2024-08-05,1,0,1,1,1,1,1,1,0,0,1,1,1,1
"1214",0.710512207426176,0.496572700048268,"ND",2024-08-06,1,0,1,1,1,1,1,1,1,1,1,1,1,1
"1215",0.407666250203578,0.277249735221103,"ND",2024-08-07,1,1,1,1,1,1,1,1,0,1,1,0,1,1
"1216",0.396510424493136,0.269175651040133,"ND",2024-08-08,1,1,1,1,1,1,1,1,1,1,1,0,0,1
"1217",NA,NA,"ND",2024-08-09,NA,NA,NA,NA,NA,NA,NA,NA,NA,NA,NA,NA,NA,NA
"1218",NA,NA,"ND",2024-08-10,NA,NA,NA,NA,NA,NA,NA,NA,NA,NA,NA,NA,NA,NA
"1219",NA,NA,"NE",2024-06-30,NA,NA,NA,NA,NA,NA,NA,NA,NA,NA,NA,NA,NA,NA
"1220",0.53783223432773,0.451630917628521,"NE",2024-07-01,1,1,1,1,1,0,1,1,1,1,1,1,1,1
"1221",NA,NA,"NE",2024-07-02,NA,NA,NA,NA,NA,NA,NA,NA,NA,NA,NA,NA,NA,NA
"1222",NA,NA,"NE",2024-07-03,NA,NA,NA,NA,NA,NA,NA,NA,NA,NA,NA,NA,NA,NA
"1223",NA,NA,"NE",2024-07-04,NA,NA,NA,NA,NA,NA,NA,NA,NA,NA,NA,NA,NA,NA
"1224",NA,NA,"NE",2024-07-05,NA,NA,NA,NA,NA,NA,NA,NA,NA,NA,NA,NA,NA,NA
"1225",NA,NA,"NE",2024-07-06,NA,NA,NA,NA,NA,NA,NA,NA,NA,NA,NA,NA,NA,NA
"1226",NA,NA,"NE",2024-07-07,NA,NA,NA,NA,NA,NA,NA,NA,NA,NA,NA,NA,NA,NA
"1227",NA,NA,"NE",2024-07-08,NA,NA,NA,NA,NA,NA,NA,NA,NA,NA,NA,NA,NA,NA
"1228",NA,NA,"NE",2024-07-09,NA,NA,NA,NA,NA,NA,NA,NA,NA,NA,NA,NA,NA,NA
"1229",NA,NA,"NE",2024-07-10,NA,NA,NA,NA,NA,NA,NA,NA,NA,NA,NA,NA,NA,NA
"1230",NA,NA,"NE",2024-07-11,NA,NA,NA,NA,NA,NA,NA,NA,NA,NA,NA,NA,NA,NA
"1231",NA,NA,"NE",2024-07-12,NA,NA,NA,NA,NA,NA,NA,NA,NA,NA,NA,NA,NA,NA
"1232",NA,NA,"NE",2024-07-13,NA,NA,NA,NA,NA,NA,NA,NA,NA,NA,NA,NA,NA,NA
"1233",NA,NA,"NE",2024-07-14,NA,NA,NA,NA,NA,NA,NA,NA,NA,NA,NA,NA,NA,NA
"1234",NA,NA,"NE",2024-07-15,NA,NA,NA,NA,NA,NA,NA,NA,NA,NA,NA,NA,NA,NA
"1235",NA,NA,"NE",2024-07-16,NA,NA,NA,NA,NA,NA,NA,NA,NA,NA,NA,NA,NA,NA
"1236",NA,NA,"NE",2024-07-17,NA,NA,NA,NA,NA,NA,NA,NA,NA,NA,NA,NA,NA,NA
"1237",NA,NA,"NE",2024-07-18,NA,NA,NA,NA,NA,NA,NA,NA,NA,NA,NA,NA,NA,NA
"1238",NA,NA,"NE",2024-07-19,NA,NA,NA,NA,NA,NA,NA,NA,NA,NA,NA,NA,NA,NA
"1239",NA,NA,"NE",2024-07-20,NA,NA,NA,NA,NA,NA,NA,NA,NA,NA,NA,NA,NA,NA
"1240",NA,NA,"NE",2024-07-21,NA,NA,NA,NA,NA,NA,NA,NA,NA,NA,NA,NA,NA,NA
"1241",NA,NA,"NE",2024-07-22,NA,NA,NA,NA,NA,NA,NA,NA,NA,NA,NA,NA,NA,NA
"1242",NA,NA,"NE",2024-07-23,NA,NA,NA,NA,NA,NA,NA,NA,NA,NA,NA,NA,NA,NA
"1243",NA,NA,"NE",2024-07-24,NA,NA,NA,NA,NA,NA,NA,NA,NA,NA,NA,NA,NA,NA
"1244",NA,NA,"NE",2024-07-25,NA,NA,NA,NA,NA,NA,NA,NA,NA,NA,NA,NA,NA,NA
"1245",NA,NA,"NE",2024-07-26,NA,NA,NA,NA,NA,NA,NA,NA,NA,NA,NA,NA,NA,NA
"1246",NA,NA,"NE",2024-07-27,NA,NA,NA,NA,NA,NA,NA,NA,NA,NA,NA,NA,NA,NA
"1247",NA,NA,"NE",2024-07-28,NA,NA,NA,NA,NA,NA,NA,NA,NA,NA,NA,NA,NA,NA
"1248",NA,NA,"NE",2024-07-29,NA,NA,NA,NA,NA,NA,NA,NA,NA,NA,NA,NA,NA,NA
"1249",NA,NA,"NE",2024-07-30,NA,NA,NA,NA,NA,NA,NA,NA,NA,NA,NA,NA,NA,NA
"1250",NA,NA,"NE",2024-07-31,NA,NA,NA,NA,NA,NA,NA,NA,NA,NA,NA,NA,NA,NA
"1251",NA,NA,"NE",2024-08-01,NA,NA,NA,NA,NA,NA,NA,NA,NA,NA,NA,NA,NA,NA
"1252",NA,NA,"NE",2024-08-02,NA,NA,NA,NA,NA,NA,NA,NA,NA,NA,NA,NA,NA,NA
"1253",0.53086864669019,0.387620430667927,"NE",2024-08-03,1,1,1,1,1,0,1,1,0,1,1,1,0,1
"1254",NA,NA,"NE",2024-08-04,NA,NA,NA,NA,NA,NA,NA,NA,NA,NA,NA,NA,NA,NA
"1255",NA,NA,"NE",2024-08-05,NA,NA,NA,NA,NA,NA,NA,NA,NA,NA,NA,NA,NA,NA
"1256",NA,NA,"NE",2024-08-06,NA,NA,NA,NA,NA,NA,NA,NA,NA,NA,NA,NA,NA,NA
"1257",NA,NA,"NE",2024-08-07,NA,NA,NA,NA,NA,NA,NA,NA,NA,NA,NA,NA,NA,NA
"1258",NA,NA,"NE",2024-08-08,NA,NA,NA,NA,NA,NA,NA,NA,NA,NA,NA,NA,NA,NA
"1259",NA,NA,"NE",2024-08-09,NA,NA,NA,NA,NA,NA,NA,NA,NA,NA,NA,NA,NA,NA
"1260",NA,NA,"NE",2024-08-10,NA,NA,NA,NA,NA,NA,NA,NA,NA,NA,NA,NA,NA,NA
"1261",NA,NA,"NH",2024-06-30,NA,NA,NA,NA,NA,NA,NA,NA,NA,NA,NA,NA,NA,NA
"1262",NA,NA,"NH",2024-07-01,NA,NA,NA,NA,NA,NA,NA,NA,NA,NA,NA,NA,NA,NA
"1263",NA,NA,"NH",2024-07-02,NA,NA,NA,NA,NA,NA,NA,NA,NA,NA,NA,NA,NA,NA
"1264",NA,NA,"NH",2024-07-03,NA,NA,NA,NA,NA,NA,NA,NA,NA,NA,NA,NA,NA,NA
"1265",NA,NA,"NH",2024-07-04,NA,NA,NA,NA,NA,NA,NA,NA,NA,NA,NA,NA,NA,NA
"1266",NA,NA,"NH",2024-07-05,NA,NA,NA,NA,NA,NA,NA,NA,NA,NA,NA,NA,NA,NA
"1267",NA,NA,"NH",2024-07-06,NA,NA,NA,NA,NA,NA,NA,NA,NA,NA,NA,NA,NA,NA
"1268",NA,NA,"NH",2024-07-07,NA,NA,NA,NA,NA,NA,NA,NA,NA,NA,NA,NA,NA,NA
"1269",NA,NA,"NH",2024-07-08,NA,NA,NA,NA,NA,NA,NA,NA,NA,NA,NA,NA,NA,NA
"1270",NA,NA,"NH",2024-07-09,NA,NA,NA,NA,NA,NA,NA,NA,NA,NA,NA,NA,NA,NA
"1271",NA,NA,"NH",2024-07-10,NA,NA,NA,NA,NA,NA,NA,NA,NA,NA,NA,NA,NA,NA
"1272",NA,NA,"NH",2024-07-11,NA,NA,NA,NA,NA,NA,NA,NA,NA,NA,NA,NA,NA,NA
"1273",NA,NA,"NH",2024-07-12,NA,NA,NA,NA,NA,NA,NA,NA,NA,NA,NA,NA,NA,NA
"1274",NA,NA,"NH",2024-07-13,NA,NA,NA,NA,NA,NA,NA,NA,NA,NA,NA,NA,NA,NA
"1275",NA,NA,"NH",2024-07-14,NA,NA,NA,NA,NA,NA,NA,NA,NA,NA,NA,NA,NA,NA
"1276",NA,NA,"NH",2024-07-15,NA,NA,NA,NA,NA,NA,NA,NA,NA,NA,NA,NA,NA,NA
"1277",NA,NA,"NH",2024-07-16,NA,NA,NA,NA,NA,NA,NA,NA,NA,NA,NA,NA,NA,NA
"1278",NA,NA,"NH",2024-07-17,NA,NA,NA,NA,NA,NA,NA,NA,NA,NA,NA,NA,NA,NA
"1279",NA,NA,"NH",2024-07-18,NA,NA,NA,NA,NA,NA,NA,NA,NA,NA,NA,NA,NA,NA
"1280",NA,NA,"NH",2024-07-19,NA,NA,NA,NA,NA,NA,NA,NA,NA,NA,NA,NA,NA,NA
"1281",NA,NA,"NH",2024-07-20,NA,NA,NA,NA,NA,NA,NA,NA,NA,NA,NA,NA,NA,NA
"1282",NA,NA,"NH",2024-07-21,NA,NA,NA,NA,NA,NA,NA,NA,NA,NA,NA,NA,NA,NA
"1283",NA,NA,"NH",2024-07-22,NA,NA,NA,NA,NA,NA,NA,NA,NA,NA,NA,NA,NA,NA
"1284",NA,NA,"NH",2024-07-23,NA,NA,NA,NA,NA,NA,NA,NA,NA,NA,NA,NA,NA,NA
"1285",NA,NA,"NH",2024-07-24,NA,NA,NA,NA,NA,NA,NA,NA,NA,NA,NA,NA,NA,NA
"1286",NA,NA,"NH",2024-07-25,NA,NA,NA,NA,NA,NA,NA,NA,NA,NA,NA,NA,NA,NA
"1287",NA,NA,"NH",2024-07-26,NA,NA,NA,NA,NA,NA,NA,NA,NA,NA,NA,NA,NA,NA
"1288",NA,NA,"NH",2024-07-27,NA,NA,NA,NA,NA,NA,NA,NA,NA,NA,NA,NA,NA,NA
"1289",NA,NA,"NH",2024-07-28,NA,NA,NA,NA,NA,NA,NA,NA,NA,NA,NA,NA,NA,NA
"1290",NA,NA,"NH",2024-07-29,NA,NA,NA,NA,NA,NA,NA,NA,NA,NA,NA,NA,NA,NA
"1291",NA,NA,"NH",2024-07-30,NA,NA,NA,NA,NA,NA,NA,NA,NA,NA,NA,NA,NA,NA
"1292",NA,NA,"NH",2024-07-31,NA,NA,NA,NA,NA,NA,NA,NA,NA,NA,NA,NA,NA,NA
"1293",NA,NA,"NH",2024-08-01,NA,NA,NA,NA,NA,NA,NA,NA,NA,NA,NA,NA,NA,NA
"1294",NA,NA,"NH",2024-08-02,NA,NA,NA,NA,NA,NA,NA,NA,NA,NA,NA,NA,NA,NA
"1295",NA,NA,"NH",2024-08-03,NA,NA,NA,NA,NA,NA,NA,NA,NA,NA,NA,NA,NA,NA
"1296",NA,NA,"NH",2024-08-04,NA,NA,NA,NA,NA,NA,NA,NA,NA,NA,NA,NA,NA,NA
"1297",NA,NA,"NH",2024-08-05,NA,NA,NA,NA,NA,NA,NA,NA,NA,NA,NA,NA,NA,NA
"1298",NA,NA,"NH",2024-08-06,NA,NA,NA,NA,NA,NA,NA,NA,NA,NA,NA,NA,NA,NA
"1299",NA,NA,"NH",2024-08-07,NA,NA,NA,NA,NA,NA,NA,NA,NA,NA,NA,NA,NA,NA
"1300",NA,NA,"NH",2024-08-08,NA,NA,NA,NA,NA,NA,NA,NA,NA,NA,NA,NA,NA,NA
"1301",NA,NA,"NH",2024-08-09,NA,NA,NA,NA,NA,NA,NA,NA,NA,NA,NA,NA,NA,NA
"1302",NA,NA,"NH",2024-08-10,NA,NA,NA,NA,NA,NA,NA,NA,NA,NA,NA,NA,NA,NA
"1303",1.9859991020517,0.385709851814214,"NJ",2024-06-30,1,1,1,1,1,1,1,0,0,1,1,1,1,1
"1304",4.05266092552449,0.395501514790704,"NJ",2024-07-01,0,0,1,1,1,1,1,0,1,0,1,0,0,0
"1305",3.03918316474176,0.401314059978507,"NJ",2024-07-02,0,1,1,1,0,1,1,0,1,0,0,0,0,1
"1306",3.23142358183799,0.398499526288199,"NJ",2024-07-03,0,0,1,1,1,1,1,0,0,0,1,0,1,1
"1307",0.625575898591848,0.440196004517975,"NJ",2024-07-04,1,1,1,1,1,0,1,1,0,1,1,1,0,1
"1308",2.34370129869642,0.392954351957435,"NJ",2024-07-05,1,1,1,1,1,1,1,0,0,0,0,1,0,1
"1309",2.47206600030025,0.402499269908333,"NJ",2024-07-06,1,1,1,1,1,0,1,0,1,0,0,1,0,1
"1310",1.83360979378658,0.393930992273343,"NJ",2024-07-07,1,1,1,1,1,1,1,0,1,0,1,0,0,1
"1311",10.1307461059274,0.393357829997418,"NJ",2024-07-08,0,1,0,1,1,1,1,1,0,0,1,0,1,1
"1312",6.33020652616935,0.40700080067557,"NJ",2024-07-09,0,1,1,1,1,1,0,0,0,1,1,0,0,0
"1313",3.7292128268346,0.402553016853639,"NJ",2024-07-10,1,1,1,1,1,1,1,0,0,0,1,0,0,1
"1314",6.08682961182149,0.397428477953612,"NJ",2024-07-11,0,1,1,1,1,0,1,0,0,0,1,0,0,1
"1315",5.95501036199589,0.40642925783822,"NJ",2024-07-12,0,1,1,1,0,1,1,0,0,0,1,0,0,1
"1316",1.96424031367685,0.416144357954071,"NJ",2024-07-13,1,1,0,0,1,1,1,0,0,1,0,1,0,1
"1317",3.06530140946476,0.399241914382916,"NJ",2024-07-14,1,1,0,1,1,0,1,0,0,0,1,0,0,1
"1318",6.52760764624392,0.41898055952933,"NJ",2024-07-15,0,0,1,1,1,1,1,0,0,1,1,1,1,1
"1319",1.55161964764759,0.407881475660295,"NJ",2024-07-16,1,1,1,1,1,0,1,0,0,0,1,1,0,1
"1320",2.83811173169817,0.40021160287891,"NJ",2024-07-17,1,0,0,1,1,0,1,0,0,0,1,1,0,1
"1321",3.60059429429406,0.407461858136745,"NJ",2024-07-18,0,1,1,1,1,1,1,0,0,0,1,0,0,1
"1322",3.57204889256835,0.414240245465642,"NJ",2024-07-19,0,1,1,1,1,1,1,0,0,0,1,0,0,1
"1323",4.56976495968638,0.415695531449672,"NJ",2024-07-20,0,1,0,1,1,1,1,0,0,1,1,0,0,1
"1324",4.90798605467337,0.383985069377861,"NJ",2024-07-21,0,1,0,1,0,0,1,0,1,1,1,0,0,1
"1325",4.85993181898737,0.417091180276304,"NJ",2024-07-22,0,1,0,1,1,0,1,0,0,0,1,0,0,1
"1326",8.69875196739456,0.436384046628808,"NJ",2024-07-23,0,1,1,1,0,1,0,0,0,0,1,0,0,0
"1327",10.025836817631,0.405909442635976,"NJ",2024-07-24,0,1,0,1,1,1,1,0,0,0,1,0,0,1
"1328",8.46912301508739,0.417979646874449,"NJ",2024-07-25,0,0,1,1,0,0,0,0,0,0,1,0,1,0
"1329",4.90627346186204,0.38519425313225,"NJ",2024-07-26,0,0,1,1,1,1,1,0,0,0,1,0,0,1
"1330",8.30931617448663,0.449168828421786,"NJ",2024-07-27,0,1,1,1,0,1,1,0,0,0,1,0,0,1
"1331",3.62131609511406,0.40523504232335,"NJ",2024-07-28,0,1,1,1,1,1,1,0,0,0,1,1,0,1
"1332",6.7011299016318,0.418078355651697,"NJ",2024-07-29,0,1,0,1,1,1,1,0,0,0,1,0,0,1
"1333",11.1917397861591,0.436064729442242,"NJ",2024-07-30,0,1,1,1,0,1,1,0,0,0,1,0,0,1
"1334",8.73855049924659,0.435124611540944,"NJ",2024-07-31,0,1,1,1,0,1,1,0,0,0,1,0,0,1
"1335",10.8339497568409,0.428614341990868,"NJ",2024-08-01,0,1,0,1,0,1,1,0,0,0,1,0,0,1
"1336",9.96825189116172,0.453071722095617,"NJ",2024-08-02,0,0,0,1,0,1,0,0,0,0,1,0,1,0
"1337",3.97758067419597,0.417398452548968,"NJ",2024-08-03,0,1,0,1,1,1,0,0,0,1,1,0,0,0
"1338",7.99362950628005,0.47011827227253,"NJ",2024-08-04,0,1,0,0,0,1,1,0,0,0,0,0,0,1
"1339",13.0900589604964,0.45309059112619,"NJ",2024-08-05,0,0,0,1,0,1,1,0,0,1,1,0,0,1
"1340",12.967034958049,0.419394278767018,"NJ",2024-08-06,0,1,1,1,0,0,1,0,1,0,1,0,0,1
"1341",11.7290420871446,0.450109253369247,"NJ",2024-08-07,0,1,1,1,0,1,0,0,0,0,1,0,1,0
"1342",5.05861412256429,0.421825509943917,"NJ",2024-08-08,0,0,0,1,0,0,1,0,0,0,1,0,0,1
"1343",4.95758168787637,0.427302835128636,"NJ",2024-08-09,0,0,0,1,0,1,0,0,0,0,1,0,0,0
"1344",2.93395762367233,0.507528957406972,"NJ",2024-08-10,0,1,1,1,0,1,1,0,0,0,1,0,0,1
"1345",1.21862530745761,0.390670657303165,"NM",2024-06-30,1,0,1,1,1,1,1,1,0,0,1,0,1,1
"1346",1.74061807747159,0.351791771423142,"NM",2024-07-01,1,1,0,1,1,1,1,0,0,0,1,1,1,1
"1347",1.91831140207467,0.450233273959709,"NM",2024-07-02,1,1,0,0,1,0,1,1,0,0,0,1,0,1
"1348",3.62495393490486,0.348484312662454,"NM",2024-07-03,0,0,1,1,1,1,1,0,0,0,0,0,1,1
"1349",0.950667207007495,0.357617992294122,"NM",2024-07-04,1,1,1,1,1,1,1,0,0,0,1,1,1,1
"1350",1.56878726156873,0.322418902264883,"NM",2024-07-05,0,1,1,1,1,1,1,0,0,1,1,1,1,1
"1351",1.17509279197191,0.344957785192587,"NM",2024-07-06,1,1,0,1,1,1,1,1,1,0,1,0,1,1
"1352",0.883169941259263,0.419277298325621,"NM",2024-07-07,1,1,1,1,1,0,1,1,1,0,1,1,0,1
"1353",0.753242571589777,0.414757707856378,"NM",2024-07-08,1,1,1,1,1,1,1,1,0,0,1,1,0,1
"1354",1.10730815553024,0.391665548364109,"NM",2024-07-09,1,1,1,1,1,1,1,0,0,1,1,1,0,1
"1355",0.807621377252398,0.408634444123041,"NM",2024-07-10,1,1,1,1,1,0,1,0,1,0,1,0,0,1
"1356",1.96377256713436,0.393523277034849,"NM",2024-07-11,0,1,1,1,1,1,1,1,1,0,1,1,0,1
"1357",2.33775759549541,0.359904744466698,"NM",2024-07-12,0,0,1,1,1,1,1,0,0,0,1,1,1,1
"1358",0.810349615148554,0.351669964163723,"NM",2024-07-13,1,1,1,1,1,1,1,0,1,0,1,1,0,1
"1359",2.05008336106516,0.390689175352821,"NM",2024-07-14,0,0,1,1,1,0,1,1,0,0,1,1,0,1
"1360",1.93486188768774,0.39001116576921,"NM",2024-07-15,0,1,1,1,1,1,1,0,0,0,1,1,0,1
"1361",0.66259736474335,0.374312576942685,"NM",2024-07-16,1,1,1,1,1,1,1,1,1,1,1,1,1,1
"1362",1.53789304856261,0.406893595369527,"NM",2024-07-17,1,1,1,1,1,1,1,0,0,1,1,0,1,1
"1363",0.774543724966902,0.41176308335236,"NM",2024-07-18,1,1,1,1,1,1,1,0,0,0,1,0,0,1
"1364",0.427918849114838,0.293808377808794,"NM",2024-07-19,1,1,1,1,1,1,1,1,0,0,1,1,1,1
"1365",0.575706983692191,0.348949988625276,"NM",2024-07-20,1,1,1,1,1,1,1,1,0,1,1,0,1,1
"1366",2.04639162447559,0.392663601119075,"NM",2024-07-21,0,1,1,1,1,1,1,0,0,0,1,1,0,1
"1367",1.93167617320143,0.40577154912081,"NM",2024-07-22,0,0,1,1,1,1,1,0,0,0,1,0,0,1
"1368",1.97511545390634,0.40181946758119,"NM",2024-07-23,0,1,1,1,0,1,1,0,1,0,1,0,0,1
"1369",1.60876829780313,0.438770440910204,"NM",2024-07-24,1,1,1,1,1,1,0,0,1,0,1,0,0,0
"1370",1.83730836475705,0.449122598309832,"NM",2024-07-25,1,0,0,1,1,1,1,0,0,0,1,1,0,1
"1371",1.3382647761815,0.413964259027782,"NM",2024-07-26,0,1,1,1,1,1,1,1,0,1,1,0,0,1
"1372",1.49876589024727,0.445015558045488,"NM",2024-07-27,1,1,1,0,1,1,1,0,0,1,0,0,1,1
"1373",0.806557777104835,0.388688147430788,"NM",2024-07-28,1,1,1,1,1,1,1,1,0,0,1,0,1,1
"1374",7.85665981812,0.454342141524983,"NM",2024-07-29,0,0,0,1,1,1,1,0,0,0,1,0,0,1
"1375",1.21838693444171,0.345402446003406,"NM",2024-07-30,1,1,0,1,1,1,1,0,1,1,1,1,0,1
"1376",1.57577357551544,0.374437742342565,"NM",2024-07-31,0,1,1,1,1,1,1,1,0,0,1,0,0,1
"1377",1.40862834070282,0.446255875674891,"NM",2024-08-01,1,0,1,1,0,1,1,0,0,0,1,1,1,1
"1378",3.36699211050098,0.432784867863469,"NM",2024-08-02,0,1,1,1,1,1,1,0,0,0,1,0,0,1
"1379",2.77153317789892,0.508270437983866,"NM",2024-08-03,0,0,0,1,0,1,1,0,1,0,1,1,0,1
"1380",2.81378148703599,0.424690874392582,"NM",2024-08-04,0,1,1,1,1,1,1,0,1,0,1,0,0,1
"1381",1.73302142986437,0.409166877257833,"NM",2024-08-05,0,1,1,1,1,0,1,0,0,1,1,0,0,0
"1382",1.37912729676301,0.387554270643647,"NM",2024-08-06,0,1,1,1,1,1,1,0,1,0,1,1,1,1
"1383",2.20841448986991,0.489906879697368,"NM",2024-08-07,1,0,1,1,0,0,1,1,0,0,1,1,1,1
"1384",2.9752750832089,0.444270218093567,"NM",2024-08-08,0,1,1,1,1,1,1,0,1,0,1,1,1,1
"1385",1.90405088941658,0.491971294279971,"NM",2024-08-09,0,1,1,1,0,1,1,1,0,0,1,1,0,1
"1386",3.80274011610529,0.50857587099321,"NM",2024-08-10,0,1,0,1,0,0,1,0,1,0,1,0,0,1
"1387",1.21689682193601,0.404332814596141,"NV",2024-06-30,0,1,1,1,1,1,1,0,1,0,1,1,0,1
"1388",0.864026850987851,0.358988183121359,"NV",2024-07-01,1,1,1,1,1,1,1,0,0,0,1,1,1,1
"1389",0.590333328849523,0.423568134943411,"NV",2024-07-02,0,1,1,1,1,1,1,1,1,1,1,1,1,1
"1390",1.11110266505618,0.472271911241071,"NV",2024-07-03,1,1,0,1,1,1,1,1,1,0,1,1,0,1
"1391",0.641130649639601,0.437222295471449,"NV",2024-07-04,0,1,1,1,1,1,1,0,0,1,1,1,1,1
"1392",0.870858646955939,0.404154049519873,"NV",2024-07-05,1,1,1,1,1,1,1,1,0,1,1,0,0,1
"1393",NA,NA,"NV",2024-07-06,NA,NA,NA,NA,NA,NA,NA,NA,NA,NA,NA,NA,NA,NA
"1394",NA,NA,"NV",2024-07-07,NA,NA,NA,NA,NA,NA,NA,NA,NA,NA,NA,NA,NA,NA
"1395",0.728429794841512,0.369480326066022,"NV",2024-07-08,1,1,1,1,0,1,1,1,0,0,1,0,1,1
"1396",0.966397618252489,0.470331305303849,"NV",2024-07-09,1,1,1,1,1,1,1,0,0,1,1,1,1,1
"1397",NA,NA,"NV",2024-07-10,NA,NA,NA,NA,NA,NA,NA,NA,NA,NA,NA,NA,NA,NA
"1398",NA,NA,"NV",2024-07-11,NA,NA,NA,NA,NA,NA,NA,NA,NA,NA,NA,NA,NA,NA
"1399",0.862208461599007,0.619626653124749,"NV",2024-07-12,1,1,1,1,1,1,0,1,1,0,1,1,1,0
"1400",NA,NA,"NV",2024-07-13,NA,NA,NA,NA,NA,NA,NA,NA,NA,NA,NA,NA,NA,NA
"1401",NA,NA,"NV",2024-07-14,NA,NA,NA,NA,NA,NA,NA,NA,NA,NA,NA,NA,NA,NA
"1402",1.06151250770386,0.414039835297991,"NV",2024-07-15,1,1,1,1,1,1,1,0,0,0,1,0,0,0
"1403",1.36573808355947,0.456340031249684,"NV",2024-07-16,1,1,1,1,0,1,1,1,0,0,1,0,1,1
"1404",0.380704820192555,0.216018353395168,"NV",2024-07-17,1,1,1,1,1,1,1,1,0,0,1,1,1,1
"1405",0.719402157968136,0.36808789765699,"NV",2024-07-18,0,1,1,1,1,1,1,0,1,1,1,1,1,0
"1406",NA,NA,"NV",2024-07-19,NA,NA,NA,NA,NA,NA,NA,NA,NA,NA,NA,NA,NA,NA
"1407",NA,NA,"NV",2024-07-20,NA,NA,NA,NA,NA,NA,NA,NA,NA,NA,NA,NA,NA,NA
"1408",NA,NA,"NV",2024-07-21,NA,NA,NA,NA,NA,NA,NA,NA,NA,NA,NA,NA,NA,NA
"1409",0.751269163459182,0.54050639652551,"NV",2024-07-22,0,1,1,1,1,1,1,0,1,0,1,1,1,1
"1410",0.763579102174722,0.398524989810306,"NV",2024-07-23,1,1,1,1,1,1,1,0,0,0,1,0,0,1
"1411",2.13309319804956,0.427299622479282,"NV",2024-07-24,0,1,1,1,0,0,1,0,0,0,1,0,0,1
"1412",2.42846974794227,0.4153829982383,"NV",2024-07-25,0,0,1,1,1,1,1,0,0,0,1,0,1,1
"1413",1.35451268446676,0.448487636946703,"NV",2024-07-26,1,1,1,1,1,0,1,0,0,0,1,0,0,1
"1414",0.895106444820041,0.506107936020581,"NV",2024-07-27,1,1,1,1,1,1,1,1,1,1,1,0,0,1
"1415",0.901759329222013,0.508736388133792,"NV",2024-07-28,1,1,1,1,1,0,1,1,0,1,1,0,1,1
"1416",0.505637048287012,0.301812137278433,"NV",2024-07-29,1,1,1,1,1,1,1,1,0,1,1,0,1,1
"1417",2.4233716621451,0.497491472311896,"NV",2024-07-30,0,1,1,1,1,1,1,0,1,0,1,0,1,1
"1418",1.34542402952567,0.451562957779298,"NV",2024-07-31,0,1,0,1,1,1,1,1,1,1,1,1,1,1
"1419",1.68529187444163,0.460054101197059,"NV",2024-08-01,0,0,0,1,1,1,1,0,0,0,1,0,1,1
"1420",1.40002108932176,0.38507468401638,"NV",2024-08-02,1,1,1,0,1,1,1,0,0,1,0,0,1,1
"1421",1.46330109304334,0.440177851451327,"NV",2024-08-03,0,1,1,1,1,1,1,0,0,0,1,1,1,1
"1422",1.11686521215451,0.473164739805069,"NV",2024-08-04,0,1,1,1,1,1,1,0,1,0,1,0,0,1
"1423",2.68633633105551,0.479008960636722,"NV",2024-08-05,0,1,1,1,1,0,1,1,0,0,1,0,0,0
"1424",0.447919958287647,0.319703971208307,"NV",2024-08-06,1,1,1,1,1,1,1,1,1,1,1,1,1,1
"1425",1.13372731172429,0.577755557540315,"NV",2024-08-07,0,1,1,1,1,0,1,0,0,1,1,0,0,1
"1426",1.05262043640402,0.46583035587293,"NV",2024-08-08,0,1,1,1,1,1,1,0,0,1,1,1,1,1
"1427",1.26542865598453,0.491221854592845,"NV",2024-08-09,0,1,1,1,0,1,1,0,0,1,1,1,0,1
"1428",NA,NA,"NV",2024-08-10,NA,NA,NA,NA,NA,NA,NA,NA,NA,NA,NA,NA,NA,NA
"1429",3.8622034794707,0.371303400259138,"NY",2024-06-30,1,1,1,1,0,1,1,0,0,1,1,0,0,1
"1430",6.00434440021633,0.35446075403923,"NY",2024-07-01,1,1,1,1,1,1,0,0,0,0,0,0,1,0
"1431",6.09143727235064,0.358845814599902,"NY",2024-07-02,1,0,1,1,1,1,0,0,1,0,1,0,0,1
"1432",6.60699640956738,0.347285744296601,"NY",2024-07-03,0,0,0,1,0,1,1,0,0,0,1,0,0,1
"1433",2.88838557883085,0.343742335212439,"NY",2024-07-04,0,1,0,1,1,1,1,0,0,0,0,0,1,1
"1434",6.22089013170297,0.370296484502918,"NY",2024-07-05,0,0,1,0,1,1,1,0,0,0,0,0,0,1
"1435",3.75112033909425,0.377551465371733,"NY",2024-07-06,1,0,1,1,1,0,1,0,0,0,0,0,0,1
"1436",5.82094395400161,0.350995585347461,"NY",2024-07-07,0,1,1,1,1,0,1,0,0,0,1,0,0,1
"1437",9.45626324594143,0.370141745138488,"NY",2024-07-08,0,1,1,0,0,1,1,0,0,0,1,0,0,0
"1438",8.84010835731384,0.363801837101688,"NY",2024-07-09,0,1,1,1,1,1,0,0,0,0,1,0,0,0
"1439",6.26301255121877,0.387192582107688,"NY",2024-07-10,1,1,1,1,1,1,0,0,0,0,1,0,0,0
"1440",3.57442930834088,0.384536254862807,"NY",2024-07-11,1,1,1,1,1,1,1,0,0,0,1,0,0,1
"1441",2.59362062390009,0.377629074999745,"NY",2024-07-12,1,1,1,1,1,1,1,0,0,0,1,0,1,1
"1442",5.02017195479857,0.382383571548777,"NY",2024-07-13,0,0,1,1,0,1,1,0,0,0,1,1,0,1
"1443",3.89868186683085,0.378987851154975,"NY",2024-07-14,1,1,1,1,1,1,1,0,0,0,0,0,0,1
"1444",6.18662656682049,0.387790991430435,"NY",2024-07-15,1,1,1,1,1,1,1,0,0,0,0,0,0,1
"1445",5.41648582181861,0.399079032045975,"NY",2024-07-16,1,1,1,0,0,1,1,0,0,0,0,0,0,1
"1446",9.04398353291461,0.369600960603527,"NY",2024-07-17,0,1,1,1,1,1,1,0,0,0,1,0,0,1
"1447",15.3077622454056,0.380293398601516,"NY",2024-07-18,0,0,1,0,1,1,1,0,0,0,0,0,0,1
"1448",3.18308405739644,0.406651023338476,"NY",2024-07-19,1,1,1,1,1,0,1,0,0,0,1,0,0,1
"1449",10.5431403007758,0.370985986013031,"NY",2024-07-20,0,1,0,1,0,1,1,0,1,0,1,0,0,1
"1450",5.0330518925737,0.39224759288549,"NY",2024-07-21,0,1,1,1,1,1,0,0,1,0,1,0,0,0
"1451",9.53263761723137,0.389273321586622,"NY",2024-07-22,0,0,0,1,1,0,1,0,0,0,1,0,0,1
"1452",18.9455661762879,0.396023868942971,"NY",2024-07-23,0,0,1,0,0,1,1,0,0,0,0,0,0,1
"1453",15.6996394019874,0.395199329730243,"NY",2024-07-24,0,1,1,1,1,1,0,0,0,0,0,0,0,0
"1454",9.45630575290219,0.39173759339894,"NY",2024-07-25,1,1,0,0,1,1,1,0,0,1,1,0,0,1
"1455",17.5385873684274,0.400286434178503,"NY",2024-07-26,0,1,1,1,0,1,1,0,0,0,0,0,0,0
"1456",7.31649954907614,0.393903898520917,"NY",2024-07-27,0,1,0,1,1,1,1,0,0,0,1,0,0,1
"1457",9.28977211113905,0.400751837248237,"NY",2024-07-28,0,1,0,1,0,1,1,0,0,0,1,0,0,1
"1458",17.9966378605105,0.413379694496614,"NY",2024-07-29,0,0,0,0,0,1,1,0,0,0,0,0,0,1
"1459",13.1737955747152,0.403867580995298,"NY",2024-07-30,0,1,1,1,0,1,0,0,0,0,1,0,0,0
"1460",19.6541761925676,0.406747045359702,"NY",2024-07-31,0,1,1,1,0,0,0,0,0,0,1,0,0,0
"1461",22.4116921175858,0.422039084473428,"NY",2024-08-01,0,1,1,1,0,0,0,0,0,0,0,0,0,0
"1462",13.5373681119059,0.420369287317354,"NY",2024-08-02,0,0,0,1,0,1,0,0,0,0,1,0,1,0
"1463",6.00225365655946,0.407934016248665,"NY",2024-08-03,0,0,0,1,0,1,1,0,0,0,1,0,1,1
"1464",8.09781507312198,0.421405971953827,"NY",2024-08-04,0,1,1,1,0,1,0,0,0,0,1,0,0,0
"1465",17.519330283121,0.419432519985023,"NY",2024-08-05,0,1,1,1,0,1,1,0,0,0,1,0,0,1
"1466",14.2066299850874,0.410230812499804,"NY",2024-08-06,0,1,0,1,0,0,0,0,0,0,1,0,0,0
"1467",31.4748624916542,0.445810549907804,"NY",2024-08-07,0,1,1,0,0,1,0,0,0,0,0,0,0,0
"1468",13.9627098355519,0.414058054962273,"NY",2024-08-08,0,1,0,1,0,0,1,0,0,0,0,0,0,0
"1469",12.553186476578,0.419377512293002,"NY",2024-08-09,0,1,0,1,0,1,1,0,1,0,1,0,0,1
"1470",4.52004763771518,0.399438666520262,"NY",2024-08-10,0,1,1,1,0,1,1,0,0,0,1,0,0,1
"1471",NA,NA,"OH",2024-06-30,NA,NA,NA,NA,NA,NA,NA,NA,NA,NA,NA,NA,NA,NA
"1472",0.994229651136586,0.346295668922829,"OH",2024-07-01,0,1,1,1,1,1,1,0,0,1,1,1,1,1
"1473",0.66595690560961,0.386132663020166,"OH",2024-07-02,1,1,1,1,1,1,1,0,1,1,1,0,1,1
"1474",NA,NA,"OH",2024-07-03,NA,NA,NA,NA,NA,NA,NA,NA,NA,NA,NA,NA,NA,NA
"1475",0.715633032343539,0.519492649467007,"OH",2024-07-04,1,1,1,1,0,1,1,1,0,1,1,0,1,1
"1476",NA,NA,"OH",2024-07-05,NA,NA,NA,NA,NA,NA,NA,NA,NA,NA,NA,NA,NA,NA
"1477",NA,NA,"OH",2024-07-06,NA,NA,NA,NA,NA,NA,NA,NA,NA,NA,NA,NA,NA,NA
"1478",NA,NA,"OH",2024-07-07,NA,NA,NA,NA,NA,NA,NA,NA,NA,NA,NA,NA,NA,NA
"1479",1.82469392526343,0.361251004883936,"OH",2024-07-08,0,1,1,1,1,1,1,0,0,1,1,1,0,1
"1480",0.475983965909114,0.338057412081357,"OH",2024-07-09,1,1,1,1,1,1,1,1,1,1,1,1,1,1
"1481",0.547006775103564,0.370976179407415,"OH",2024-07-10,1,1,0,1,1,1,1,1,0,0,1,1,1,1
"1482",0.573391898967352,0.368132662653609,"OH",2024-07-11,1,1,0,1,1,1,1,1,0,0,1,1,1,1
"1483",NA,NA,"OH",2024-07-12,NA,NA,NA,NA,NA,NA,NA,NA,NA,NA,NA,NA,NA,NA
"1484",NA,NA,"OH",2024-07-13,NA,NA,NA,NA,NA,NA,NA,NA,NA,NA,NA,NA,NA,NA
"1485",0.535045399228706,0.360716125903157,"OH",2024-07-14,1,1,0,1,1,1,1,1,0,0,1,1,1,1
"1486",0.850793860868766,0.410263937036664,"OH",2024-07-15,1,1,1,1,1,1,1,0,0,1,1,1,0,1
"1487",0.744535089157255,0.399421807658537,"OH",2024-07-16,1,1,1,1,1,1,1,0,0,0,1,0,1,1
"1488",0.778904822948742,0.425565698510877,"OH",2024-07-17,1,1,1,1,1,1,1,0,1,0,1,0,0,1
"1489",NA,NA,"OH",2024-07-18,NA,NA,NA,NA,NA,NA,NA,NA,NA,NA,NA,NA,NA,NA
"1490",NA,NA,"OH",2024-07-19,NA,NA,NA,NA,NA,NA,NA,NA,NA,NA,NA,NA,NA,NA
"1491",NA,NA,"OH",2024-07-20,NA,NA,NA,NA,NA,NA,NA,NA,NA,NA,NA,NA,NA,NA
"1492",NA,NA,"OH",2024-07-21,NA,NA,NA,NA,NA,NA,NA,NA,NA,NA,NA,NA,NA,NA
"1493",0.746398850784415,0.405191069533791,"OH",2024-07-22,1,1,1,1,1,1,1,1,0,0,1,0,0,1
"1494",0.524707172819685,0.372992748876979,"OH",2024-07-23,1,0,1,1,1,1,1,1,0,1,1,0,1,1
"1495",0.59940658372742,0.459581340703238,"OH",2024-07-24,1,1,1,1,1,0,1,1,0,1,1,1,0,1
"1496",0.681586081273579,0.463522954720006,"OH",2024-07-25,0,1,1,1,1,1,1,0,0,1,1,1,1,1
"1497",NA,NA,"OH",2024-07-26,NA,NA,NA,NA,NA,NA,NA,NA,NA,NA,NA,NA,NA,NA
"1498",NA,NA,"OH",2024-07-27,NA,NA,NA,NA,NA,NA,NA,NA,NA,NA,NA,NA,NA,NA
"1499",0.532006522979483,0.394438790437063,"OH",2024-07-28,1,0,1,1,1,1,1,1,0,0,1,1,1,1
"1500",1.76673613255426,0.388847223653163,"OH",2024-07-29,1,1,0,1,0,1,1,1,1,0,1,0,0,1
"1501",0.615961141396862,0.461917487669974,"OH",2024-07-30,1,1,1,1,1,0,1,1,0,1,1,1,0,1
"1502",1.13658025948452,0.384011791757358,"OH",2024-07-31,1,1,0,1,1,1,1,1,0,0,1,0,0,1
"1503",1.11570997601365,0.400894107403939,"OH",2024-08-01,1,1,1,1,1,0,1,1,0,0,1,0,0,1
"1504",1.52068132927276,0.480447308576038,"OH",2024-08-02,0,1,1,1,1,0,1,0,0,1,1,0,0,1
"1505",0.752422372108352,0.407781515321158,"OH",2024-08-03,0,1,1,1,1,1,1,0,1,1,1,0,1,1
"1506",0.386892499504807,0.29176640363184,"OH",2024-08-04,1,1,1,1,1,1,1,1,0,1,1,0,1,1
"1507",1.39444031029559,0.428932123567588,"OH",2024-08-05,0,1,1,1,1,1,1,0,0,1,1,1,1,1
"1508",2.21608954892361,0.468553379705892,"OH",2024-08-06,0,1,1,1,1,1,1,0,1,0,1,1,0,1
"1509",0.76312634261039,0.403024747339053,"OH",2024-08-07,0,1,1,1,1,1,1,0,1,0,1,1,1,1
"1510",0.525446451684295,0.319724410709448,"OH",2024-08-08,1,1,1,1,1,1,1,1,1,0,1,0,1,1
"1511",0.333324451437142,0.251282990879621,"OH",2024-08-09,1,1,1,1,1,1,1,1,1,0,1,0,1,1
"1512",0.306420155620826,0.24337233864602,"OH",2024-08-10,1,1,1,1,1,1,1,1,1,1,1,0,0,1
"1513",NA,NA,"OK",2024-06-30,NA,NA,NA,NA,NA,NA,NA,NA,NA,NA,NA,NA,NA,NA
"1514",0.349420125087478,0.233651216985651,"OK",2024-07-01,1,1,1,1,1,1,1,1,1,1,1,1,1,1
"1515",0.610733687731972,0.37231476547919,"OK",2024-07-02,1,1,1,1,1,1,1,0,0,0,1,1,1,1
"1516",NA,NA,"OK",2024-07-03,NA,NA,NA,NA,NA,NA,NA,NA,NA,NA,NA,NA,NA,NA
"1517",0.343617196713643,0.240196993391164,"OK",2024-07-04,1,1,1,1,1,1,1,1,1,1,1,1,1,1
"1518",NA,NA,"OK",2024-07-05,NA,NA,NA,NA,NA,NA,NA,NA,NA,NA,NA,NA,NA,NA
"1519",NA,NA,"OK",2024-07-06,NA,NA,NA,NA,NA,NA,NA,NA,NA,NA,NA,NA,NA,NA
"1520",0.411242760666488,0.295651469223249,"OK",2024-07-07,1,1,1,1,1,1,1,1,0,0,1,1,1,1
"1521",0.99827656437748,0.482284160781535,"OK",2024-07-08,1,1,1,1,1,1,0,1,0,0,1,1,0,0
"1522",NA,NA,"OK",2024-07-09,NA,NA,NA,NA,NA,NA,NA,NA,NA,NA,NA,NA,NA,NA
"1523",1.02588497081629,0.337457293467063,"OK",2024-07-10,1,1,0,1,1,1,1,1,0,0,1,1,1,1
"1524",NA,NA,"OK",2024-07-11,NA,NA,NA,NA,NA,NA,NA,NA,NA,NA,NA,NA,NA,NA
"1525",NA,NA,"OK",2024-07-12,NA,NA,NA,NA,NA,NA,NA,NA,NA,NA,NA,NA,NA,NA
"1526",NA,NA,"OK",2024-07-13,NA,NA,NA,NA,NA,NA,NA,NA,NA,NA,NA,NA,NA,NA
"1527",NA,NA,"OK",2024-07-14,NA,NA,NA,NA,NA,NA,NA,NA,NA,NA,NA,NA,NA,NA
"1528",0.392816654190256,0.273319418453075,"OK",2024-07-15,1,1,1,1,1,1,1,1,1,1,1,1,1,1
"1529",NA,NA,"OK",2024-07-16,NA,NA,NA,NA,NA,NA,NA,NA,NA,NA,NA,NA,NA,NA
"1530",0.453641188639915,0.304109132347525,"OK",2024-07-17,1,1,1,1,1,1,1,1,1,1,1,1,1,1
"1531",NA,NA,"OK",2024-07-18,NA,NA,NA,NA,NA,NA,NA,NA,NA,NA,NA,NA,NA,NA
"1532",0.862786919006505,0.449962505748488,"OK",2024-07-19,0,1,1,1,1,1,1,0,1,1,1,1,0,1
"1533",NA,NA,"OK",2024-07-20,NA,NA,NA,NA,NA,NA,NA,NA,NA,NA,NA,NA,NA,NA
"1534",NA,NA,"OK",2024-07-21,NA,NA,NA,NA,NA,NA,NA,NA,NA,NA,NA,NA,NA,NA
"1535",1.00840093591147,0.324287806271796,"OK",2024-07-22,1,1,0,1,1,1,1,1,1,1,1,1,1,1
"1536",0.426969586475201,0.324137545586298,"OK",2024-07-23,1,1,1,1,1,1,1,1,1,1,1,1,1,1
"1537",NA,NA,"OK",2024-07-24,NA,NA,NA,NA,NA,NA,NA,NA,NA,NA,NA,NA,NA,NA
"1538",NA,NA,"OK",2024-07-25,NA,NA,NA,NA,NA,NA,NA,NA,NA,NA,NA,NA,NA,NA
"1539",0.478615944521051,0.32019548579501,"OK",2024-07-26,1,1,1,1,1,1,1,1,0,0,1,1,1,1
"1540",NA,NA,"OK",2024-07-27,NA,NA,NA,NA,NA,NA,NA,NA,NA,NA,NA,NA,NA,NA
"1541",0.431951634572154,0.325986989293942,"OK",2024-07-28,1,1,1,1,1,1,1,1,1,0,1,0,1,1
"1542",0.485332751822792,0.335352279523805,"OK",2024-07-29,1,1,1,1,1,1,1,1,1,1,1,1,1,1
"1543",NA,NA,"OK",2024-07-30,NA,NA,NA,NA,NA,NA,NA,NA,NA,NA,NA,NA,NA,NA
"1544",0.906702469149676,0.429569373706583,"OK",2024-07-31,0,1,1,1,1,1,1,0,0,1,1,0,1,1
"1545",NA,NA,"OK",2024-08-01,NA,NA,NA,NA,NA,NA,NA,NA,NA,NA,NA,NA,NA,NA
"1546",NA,NA,"OK",2024-08-02,NA,NA,NA,NA,NA,NA,NA,NA,NA,NA,NA,NA,NA,NA
"1547",NA,NA,"OK",2024-08-03,NA,NA,NA,NA,NA,NA,NA,NA,NA,NA,NA,NA,NA,NA
"1548",0.854108030070583,0.603741729401726,"OK",2024-08-04,0,1,1,1,1,1,1,1,1,1,1,1,1,1
"1549",0.832457326777854,0.410719598803592,"OK",2024-08-05,0,1,1,1,1,1,1,0,0,0,1,0,0,1
"1550",0.601599922951079,0.338446152288607,"OK",2024-08-06,1,1,1,1,1,1,1,1,1,1,1,0,0,1
"1551",0.659127672431031,0.365431702095683,"OK",2024-08-07,1,1,1,1,1,1,1,1,1,0,1,0,1,1
"1552",2.64089984342554,0.611723563798032,"OK",2024-08-08,0,1,1,1,1,1,1,0,1,0,1,0,1,1
"1553",NA,NA,"OK",2024-08-09,NA,NA,NA,NA,NA,NA,NA,NA,NA,NA,NA,NA,NA,NA
"1554",0.564372676659982,0.345205475148944,"OK",2024-08-10,1,1,1,1,1,1,1,1,0,0,1,1,1,1
"1555",NA,NA,"OR",2024-06-30,NA,NA,NA,NA,NA,NA,NA,NA,NA,NA,NA,NA,NA,NA
"1556",0.818913030990585,0.408532340679073,"OR",2024-07-01,1,1,1,1,1,1,1,0,1,0,1,1,1,1
"1557",0.360192599974438,0.271438665451846,"OR",2024-07-02,1,1,1,1,1,1,1,1,1,0,1,1,0,1
"1558",0.643881872279749,0.367361728746515,"OR",2024-07-03,1,1,1,1,1,1,1,0,1,0,1,1,1,1
"1559",0.621547341468996,0.450128926845012,"OR",2024-07-04,1,1,1,1,1,0,1,1,1,0,1,1,0,1
"1560",0.868150414846042,0.417733556209748,"OR",2024-07-05,1,1,1,1,0,1,1,0,1,0,1,0,1,1
"1561",NA,NA,"OR",2024-07-06,NA,NA,NA,NA,NA,NA,NA,NA,NA,NA,NA,NA,NA,NA
"1562",0.574135493956371,0.350036408294459,"OR",2024-07-07,1,1,1,1,1,1,1,0,0,0,1,1,0,1
"1563",1.08299871650743,0.402784432671188,"OR",2024-07-08,1,1,1,1,1,0,1,0,0,0,1,0,1,1
"1564",0.97541284402046,0.493038914858823,"OR",2024-07-09,1,1,1,1,0,1,1,1,1,0,1,0,1,1
"1565",1.71034917245163,0.401321928871368,"OR",2024-07-10,1,1,1,1,1,0,1,0,0,0,1,1,0,1
"1566",0.634477092534387,0.347465872088601,"OR",2024-07-11,1,1,1,1,1,1,1,1,1,1,1,1,1,1
"1567",2.67228866842758,0.48409609196597,"OR",2024-07-12,0,1,0,1,1,1,0,0,0,0,1,0,1,0
"1568",1.05282034810075,0.452686535574467,"OR",2024-07-13,1,1,0,1,1,1,1,1,1,0,1,1,0,1
"1569",1.31733325368569,0.396148303847551,"OR",2024-07-14,1,1,1,1,0,1,1,1,0,1,1,0,1,1
"1570",1.29962515638374,0.432020355491846,"OR",2024-07-15,1,1,1,1,1,0,1,1,1,0,1,1,0,1
"1571",1.30915301421525,0.327371168639065,"OR",2024-07-16,1,1,1,1,1,1,1,0,0,0,1,0,1,1
"1572",1.04105408561018,0.363897856312847,"OR",2024-07-17,1,1,1,1,1,0,1,1,1,0,1,1,0,1
"1573",0.620247278171328,0.365899064346458,"OR",2024-07-18,1,1,1,1,1,1,1,1,1,1,1,1,1,1
"1574",1.02299456565922,0.440274575721082,"OR",2024-07-19,1,1,1,1,1,1,0,1,0,1,1,0,1,0
"1575",0.325954800722411,0.228893840166921,"OR",2024-07-20,1,1,1,1,1,1,1,1,1,1,1,1,1,1
"1576",1.19970430920598,0.492540681315387,"OR",2024-07-21,0,1,1,1,1,1,1,0,0,0,1,0,0,1
"1577",1.1638163884085,0.474812788465655,"OR",2024-07-22,0,1,0,1,1,1,1,0,0,0,1,1,0,1
"1578",0.715263400051035,0.375934210195792,"OR",2024-07-23,0,1,1,1,1,1,1,0,1,1,1,0,1,1
"1579",2.30462140316109,0.481449727141894,"OR",2024-07-24,1,0,0,1,1,1,1,0,0,0,1,0,0,1
"1580",1.47097662857075,0.385773568236113,"OR",2024-07-25,1,1,1,1,1,1,0,1,0,0,1,0,0,0
"1581",0.897402667221963,0.457300733668987,"OR",2024-07-26,1,0,1,1,1,1,1,1,1,0,1,1,0,1
"1582",NA,NA,"OR",2024-07-27,NA,NA,NA,NA,NA,NA,NA,NA,NA,NA,NA,NA,NA,NA
"1583",0.924837132221269,0.472777826639934,"OR",2024-07-28,1,0,1,1,1,1,1,1,0,0,1,0,1,1
"1584",1.46605852381394,0.439519102515577,"OR",2024-07-29,0,1,1,1,1,1,1,0,1,1,1,0,1,1
"1585",0.948078064914108,0.388670000804495,"OR",2024-07-30,1,1,1,1,1,1,1,0,0,0,1,0,0,1
"1586",1.46007345010938,0.396643881883639,"OR",2024-07-31,1,1,1,1,0,1,1,1,0,0,1,0,0,1
"1587",2.32628928957989,0.40235348325855,"OR",2024-08-01,0,1,1,1,0,1,1,0,0,1,1,1,0,1
"1588",1.3564652654887,0.235113366057843,"OR",2024-08-02,1,1,0,1,1,1,1,1,1,0,1,1,0,1
"1589",0.963572278786397,0.367751163575877,"OR",2024-08-03,0,1,1,1,1,1,1,0,1,0,1,1,1,1
"1590",1.24851904653723,0.350896269950863,"OR",2024-08-04,1,1,1,1,1,1,1,0,1,1,1,0,0,1
"1591",0.862571847719985,0.356869703633928,"OR",2024-08-05,1,1,1,1,1,1,1,1,0,1,1,1,0,1
"1592",3.36507452660441,0.419984100011392,"OR",2024-08-06,0,1,1,1,0,0,1,0,0,0,1,0,0,1
"1593",1.05699410058878,0.434105201844019,"OR",2024-08-07,0,1,1,1,1,1,1,0,0,1,1,1,0,1
"1594",2.11389977033824,0.509021643231966,"OR",2024-08-08,0,1,0,1,1,0,1,0,1,0,1,1,0,1
"1595",1.4377887596521,0.46468464253905,"OR",2024-08-09,1,1,1,1,1,0,1,1,0,0,1,1,0,1
"1596",1.12500791933284,0.389086062366213,"OR",2024-08-10,1,1,1,1,0,1,1,1,1,0,1,0,0,1
"1597",0.849722129887345,0.417300070471717,"PA",2024-06-30,1,1,1,1,1,1,1,0,1,0,1,0,0,1
"1598",1.57752104936583,0.42512354301499,"PA",2024-07-01,1,1,1,0,0,1,1,1,1,1,0,0,1,1
"1599",1.59753735015305,0.369935843926051,"PA",2024-07-02,0,0,1,1,1,1,1,0,0,0,1,0,1,1
"1600",0.902802449756918,0.427130993069395,"PA",2024-07-03,1,1,1,1,0,1,1,0,1,0,1,1,1,1
"1601",1.24899332724024,0.415273143315223,"PA",2024-07-04,1,1,1,1,1,1,1,0,1,0,1,1,0,1
"1602",1.49470887337785,0.394851348313046,"PA",2024-07-05,0,1,1,0,1,1,1,0,1,0,1,0,0,1
"1603",0.675589540510284,0.377791632687666,"PA",2024-07-06,1,1,1,1,1,1,1,0,1,0,1,1,1,1
"1604",0.598959496794897,0.367173346252653,"PA",2024-07-07,1,1,1,1,1,1,1,0,1,1,1,1,0,1
"1605",4.62079483708404,0.359645154364088,"PA",2024-07-08,0,0,1,1,0,1,1,0,1,0,0,0,0,1
"1606",1.09833070320804,0.396198532251282,"PA",2024-07-09,1,1,1,1,1,1,1,0,0,0,1,1,0,1
"1607",1.64306660520716,0.402578050945524,"PA",2024-07-10,1,0,1,1,1,1,1,1,0,0,0,1,0,1
"1608",1.2160189757177,0.421501013446204,"PA",2024-07-11,1,1,1,1,0,1,1,1,1,0,1,0,1,1
"1609",1.62457580762363,0.387898608569896,"PA",2024-07-12,1,1,0,1,0,1,1,1,0,0,1,1,1,1
"1610",NA,NA,"PA",2024-07-13,NA,NA,NA,NA,NA,NA,NA,NA,NA,NA,NA,NA,NA,NA
"1611",NA,NA,"PA",2024-07-14,NA,NA,NA,NA,NA,NA,NA,NA,NA,NA,NA,NA,NA,NA
"1612",1.50412195315738,0.368871787150274,"PA",2024-07-15,1,1,0,1,1,1,1,0,0,0,1,0,0,0
"1613",1.05107095057192,0.351305582246766,"PA",2024-07-16,1,1,0,1,1,1,1,1,1,1,1,1,1,1
"1614",2.01549532092897,0.425100944457985,"PA",2024-07-17,0,1,1,1,1,1,1,0,0,1,1,0,0,1
"1615",2.84087546976237,0.413638700264889,"PA",2024-07-18,0,0,0,1,1,1,1,0,0,0,0,0,0,1
"1616",2.3672681357543,0.422006306280579,"PA",2024-07-19,0,1,0,1,1,1,1,0,0,0,1,0,1,1
"1617",NA,NA,"PA",2024-07-20,NA,NA,NA,NA,NA,NA,NA,NA,NA,NA,NA,NA,NA,NA
"1618",1.02921280556873,0.440121680754479,"PA",2024-07-21,1,1,1,1,1,1,1,1,0,0,1,0,0,1
"1619",3.49893806686642,0.423996674636521,"PA",2024-07-22,0,1,0,1,1,1,1,0,0,0,1,0,0,1
"1620",3.07927145663866,0.403676795832083,"PA",2024-07-23,0,1,1,1,1,1,1,0,1,0,1,0,0,1
"1621",4.85824405617701,0.41201542953098,"PA",2024-07-24,0,1,0,1,1,0,1,0,0,0,1,0,0,1
"1622",2.80135105634159,0.433436775374595,"PA",2024-07-25,0,1,0,1,1,1,0,0,0,0,1,1,0,0
"1623",3.41168172787694,0.412682155289108,"PA",2024-07-26,0,1,1,1,1,1,1,0,1,0,0,0,0,1
"1624",1.4187253330227,0.408057962082435,"PA",2024-07-27,1,1,1,1,1,1,1,1,0,0,1,0,1,1
"1625",2.38306078496762,0.428209134883629,"PA",2024-07-28,0,1,1,1,1,1,1,1,1,0,1,0,0,1
"1626",7.84969126248558,0.427811155509373,"PA",2024-07-29,0,0,0,1,0,1,1,0,0,0,1,0,0,1
"1627",2.25510063167962,0.395008935399111,"PA",2024-07-30,0,1,1,1,1,1,1,0,0,0,1,0,0,1
"1628",2.87274302232059,0.426437210870885,"PA",2024-07-31,0,0,0,1,1,1,1,0,0,0,1,0,0,1
"1629",4.98182083352703,0.444516364755834,"PA",2024-08-01,0,1,0,1,0,1,1,0,0,0,1,0,1,1
"1630",4.00413983981185,0.445839757799064,"PA",2024-08-02,0,1,1,1,1,1,1,0,0,0,1,0,1,1
"1631",2.36867750919667,0.396351348731495,"PA",2024-08-03,1,1,0,1,1,1,1,0,1,0,1,0,0,1
"1632",1.40755811374121,0.433536927362242,"PA",2024-08-04,1,0,1,1,1,1,1,0,0,1,1,0,1,0
"1633",5.549181602271,0.425355594033142,"PA",2024-08-05,0,0,1,1,1,0,0,0,0,0,1,0,0,0
"1634",3.5681133241862,0.39266505617918,"PA",2024-08-06,0,0,1,1,1,1,1,0,0,0,0,0,0,1
"1635",2.47076245037574,0.382801078407697,"PA",2024-08-07,1,0,1,1,1,1,1,0,0,0,0,0,1,1
"1636",5.61085960431507,0.417325650883759,"PA",2024-08-08,0,0,0,1,1,0,1,0,0,1,0,0,0,1
"1637",1.36208299030783,0.396599375173045,"PA",2024-08-09,1,1,1,1,1,1,1,0,1,0,1,0,0,1
"1638",0.313278681221636,0.256419692885327,"PA",2024-08-10,1,1,1,1,1,1,1,1,1,1,1,1,1,1
"1639",NA,NA,"PR",2024-06-30,NA,NA,NA,NA,NA,NA,NA,NA,NA,NA,NA,NA,NA,NA
"1640",2.55250022718349,0.394923579166629,"PR",2024-07-01,1,0,1,1,1,1,1,0,0,0,1,1,0,1
"1641",3.08609830234823,0.31934178045955,"PR",2024-07-02,1,0,1,1,1,1,1,0,0,0,1,0,1,1
"1642",3.9023007203019,0.394071680398525,"PR",2024-07-03,0,0,1,1,1,1,1,0,0,0,1,0,1,1
"1643",NA,NA,"PR",2024-07-04,NA,NA,NA,NA,NA,NA,NA,NA,NA,NA,NA,NA,NA,NA
"1644",3.96423515933403,0.373853196761143,"PR",2024-07-05,0,0,1,1,1,1,1,0,0,1,1,1,1,1
"1645",2.40517629358434,0.380911346086913,"PR",2024-07-06,0,0,1,1,1,1,1,0,0,0,1,1,1,1
"1646",NA,NA,"PR",2024-07-07,NA,NA,NA,NA,NA,NA,NA,NA,NA,NA,NA,NA,NA,NA
"1647",1.66928017549656,0.403426083933187,"PR",2024-07-08,0,1,1,1,1,1,1,0,0,1,1,0,0,1
"1648",2.86358531940565,0.378871805542565,"PR",2024-07-09,0,1,0,1,1,1,1,0,0,0,1,0,1,1
"1649",1.31876524081061,0.404350457206491,"PR",2024-07-10,0,1,1,1,1,1,1,1,0,0,1,0,1,1
"1650",1.10491906865183,0.267455375316465,"PR",2024-07-11,1,0,1,1,1,1,1,1,1,1,1,1,1,1
"1651",NA,NA,"PR",2024-07-12,NA,NA,NA,NA,NA,NA,NA,NA,NA,NA,NA,NA,NA,NA
"1652",NA,NA,"PR",2024-07-13,NA,NA,NA,NA,NA,NA,NA,NA,NA,NA,NA,NA,NA,NA
"1653",NA,NA,"PR",2024-07-14,NA,NA,NA,NA,NA,NA,NA,NA,NA,NA,NA,NA,NA,NA
"1654",0.292246299157496,0.273139196943568,"PR",2024-07-15,1,1,1,1,1,1,1,1,0,1,1,1,0,1
"1655",NA,NA,"PR",2024-07-16,NA,NA,NA,NA,NA,NA,NA,NA,NA,NA,NA,NA,NA,NA
"1656",NA,NA,"PR",2024-07-17,NA,NA,NA,NA,NA,NA,NA,NA,NA,NA,NA,NA,NA,NA
"1657",NA,NA,"PR",2024-07-18,NA,NA,NA,NA,NA,NA,NA,NA,NA,NA,NA,NA,NA,NA
"1658",NA,NA,"PR",2024-07-19,NA,NA,NA,NA,NA,NA,NA,NA,NA,NA,NA,NA,NA,NA
"1659",NA,NA,"PR",2024-07-20,NA,NA,NA,NA,NA,NA,NA,NA,NA,NA,NA,NA,NA,NA
"1660",NA,NA,"PR",2024-07-21,NA,NA,NA,NA,NA,NA,NA,NA,NA,NA,NA,NA,NA,NA
"1661",0.320335013006757,0.290213513427617,"PR",2024-07-22,1,1,1,1,1,1,1,1,0,0,1,1,1,1
"1662",0.74869294713373,0.502976155234359,"PR",2024-07-23,0,1,1,1,1,1,1,1,1,1,1,1,1,1
"1663",NA,NA,"PR",2024-07-24,NA,NA,NA,NA,NA,NA,NA,NA,NA,NA,NA,NA,NA,NA
"1664",NA,NA,"PR",2024-07-25,NA,NA,NA,NA,NA,NA,NA,NA,NA,NA,NA,NA,NA,NA
"1665",NA,NA,"PR",2024-07-26,NA,NA,NA,NA,NA,NA,NA,NA,NA,NA,NA,NA,NA,NA
"1666",NA,NA,"PR",2024-07-27,NA,NA,NA,NA,NA,NA,NA,NA,NA,NA,NA,NA,NA,NA
"1667",NA,NA,"PR",2024-07-28,NA,NA,NA,NA,NA,NA,NA,NA,NA,NA,NA,NA,NA,NA
"1668",0.955507670013909,0.461745074565888,"PR",2024-07-29,0,1,1,1,1,1,1,0,0,0,1,0,1,1
"1669",NA,NA,"PR",2024-07-30,NA,NA,NA,NA,NA,NA,NA,NA,NA,NA,NA,NA,NA,NA
"1670",0.354497420486526,0.324064848972867,"PR",2024-07-31,1,1,1,1,1,1,1,1,1,1,1,1,1,1
"1671",0.59286460135356,0.371745216189624,"PR",2024-08-01,1,1,1,1,0,1,1,1,1,1,1,0,0,1
"1672",NA,NA,"PR",2024-08-02,NA,NA,NA,NA,NA,NA,NA,NA,NA,NA,NA,NA,NA,NA
"1673",1.26255726448378,0.583676158210684,"PR",2024-08-03,0,1,1,1,1,1,0,0,0,0,1,1,1,0
"1674",NA,NA,"PR",2024-08-04,NA,NA,NA,NA,NA,NA,NA,NA,NA,NA,NA,NA,NA,NA
"1675",1.91994874684735,0.387088599545615,"PR",2024-08-05,1,0,1,1,0,1,1,1,0,0,1,0,1,1
"1676",3.15745929665777,0.417057318736592,"PR",2024-08-06,0,0,0,1,0,1,1,0,0,0,1,0,1,1
"1677",1.55801744226972,0.41573793930149,"PR",2024-08-07,0,1,1,1,1,1,1,0,0,0,1,0,1,1
"1678",1.73998447838843,0.427749075789036,"PR",2024-08-08,0,1,1,1,1,1,1,0,0,1,1,1,1,1
"1679",3.03741006836062,0.448833027779911,"PR",2024-08-09,0,0,1,1,1,0,1,0,0,0,1,1,0,1
"1680",1.44452760432851,0.424390143069321,"PR",2024-08-10,1,1,1,1,1,0,1,1,0,1,1,1,0,1
"1681",NA,NA,"RI",2024-06-30,NA,NA,NA,NA,NA,NA,NA,NA,NA,NA,NA,NA,NA,NA
"1682",0.756177333101932,0.536207357486384,"RI",2024-07-01,1,1,1,1,0,1,1,1,1,1,1,0,0,1
"1683",1.64647673429545,0.360349663148468,"RI",2024-07-02,1,0,1,1,1,1,1,0,0,0,1,1,0,1
"1684",0.55360111151624,0.348558023500812,"RI",2024-07-03,1,0,1,1,1,1,1,1,1,1,1,1,1,1
"1685",0.960111641265409,0.387902502038317,"RI",2024-07-04,1,1,1,1,1,1,1,0,1,0,1,1,1,1
"1686",1.42354999161422,0.363070049187944,"RI",2024-07-05,1,0,1,1,1,0,1,0,0,0,1,1,0,1
"1687",0.665490079673174,0.384934758383856,"RI",2024-07-06,1,1,1,1,1,1,1,0,0,1,1,1,1,1
"1688",0.721898112366168,0.384944100099019,"RI",2024-07-07,1,1,1,1,1,1,1,0,0,0,1,0,1,1
"1689",1.28550667231956,0.390623646532451,"RI",2024-07-08,1,1,1,1,1,1,1,0,0,1,1,1,0,1
"1690",1.02782229514325,0.406006109759317,"RI",2024-07-09,0,1,1,1,1,1,1,0,0,1,1,1,0,1
"1691",0.974353183363349,0.387222110230823,"RI",2024-07-10,1,1,1,1,1,1,1,0,0,0,1,1,0,1
"1692",0.921059881225707,0.400254834578718,"RI",2024-07-11,1,1,1,1,1,1,1,0,0,1,1,1,0,1
"1693",1.02421482040756,0.364152804997782,"RI",2024-07-12,1,1,0,1,1,1,1,1,0,0,1,1,1,1
"1694",1.91925117758193,0.439380651220614,"RI",2024-07-13,0,1,1,1,1,1,1,0,1,0,1,1,0,1
"1695",1.26839277663475,0.36817591111938,"RI",2024-07-14,1,0,1,1,1,1,1,1,0,1,1,0,1,1
"1696",1.40091195129596,0.448983209930783,"RI",2024-07-15,1,1,1,1,0,1,1,0,0,0,1,0,1,1
"1697",1.47813996076406,0.389703771257982,"RI",2024-07-16,1,1,1,1,1,1,1,0,1,1,1,0,1,1
"1698",1.97273625047895,0.394553171719442,"RI",2024-07-17,0,1,1,1,0,1,1,0,0,0,1,0,1,1
"1699",2.74591601213987,0.459720205272456,"RI",2024-07-18,0,0,0,1,1,0,0,0,0,1,1,0,0,0
"1700",0.76499057855295,0.39841913067282,"RI",2024-07-19,1,1,1,1,1,1,1,1,1,0,1,0,0,1
"1701",1.39048613495409,0.426519489653572,"RI",2024-07-20,0,1,1,1,1,0,1,0,0,0,1,0,1,1
"1702",0.996665848054394,0.380833739108206,"RI",2024-07-21,1,1,1,1,1,1,1,0,0,0,1,1,0,1
"1703",1.64368952181514,0.401756208104752,"RI",2024-07-22,1,1,1,1,1,1,1,1,0,0,1,1,0,1
"1704",2.3184125821784,0.434833997178937,"RI",2024-07-23,0,1,1,1,1,0,1,0,0,1,1,0,0,1
"1705",1.34094356021357,0.435225166085874,"RI",2024-07-24,1,0,1,1,1,1,1,0,0,0,1,0,1,1
"1706",1.12225741336547,0.399264312061759,"RI",2024-07-25,1,1,1,1,0,1,1,0,1,0,1,0,0,1
"1707",1.31286681752213,0.513858941593187,"RI",2024-07-26,1,1,1,1,1,1,0,1,0,1,1,1,0,0
"1708",1.16259010030691,0.391890664104554,"RI",2024-07-27,1,0,1,1,1,1,1,1,0,1,1,0,0,1
"1709",NA,NA,"RI",2024-07-28,NA,NA,NA,NA,NA,NA,NA,NA,NA,NA,NA,NA,NA,NA
"1710",2.66297662423565,0.441361721884264,"RI",2024-07-29,0,1,0,1,0,0,1,0,0,1,1,0,0,1
"1711",0.847916467265291,0.418947016923997,"RI",2024-07-30,0,1,1,1,1,1,1,0,1,1,1,0,0,1
"1712",2.24323437783653,0.417370940621912,"RI",2024-07-31,0,1,1,1,1,0,1,0,0,1,1,1,0,1
"1713",2.39637145228013,0.422072345306786,"RI",2024-08-01,1,0,0,1,1,0,1,0,0,0,1,0,0,1
"1714",0.836314867995255,0.377491582192296,"RI",2024-08-02,1,1,1,1,1,1,1,1,1,0,1,0,0,1
"1715",1.44972097586074,0.368440254756282,"RI",2024-08-03,1,1,0,1,0,1,1,0,0,0,1,1,0,1
"1716",1.53661708730845,0.492620029210074,"RI",2024-08-04,0,1,1,1,1,1,1,0,1,0,1,1,0,1
"1717",4.18809200443545,0.494052252118473,"RI",2024-08-05,0,1,1,1,1,0,1,0,0,1,1,0,0,1
"1718",2.34354375450666,0.451507111052279,"RI",2024-08-06,0,0,1,1,1,1,0,0,0,1,1,0,1,0
"1719",2.6274533097946,0.510958831649872,"RI",2024-08-07,0,0,1,1,0,1,0,0,0,1,1,0,0,0
"1720",1.83127367324121,0.439695547756201,"RI",2024-08-08,0,1,0,1,1,1,1,0,0,0,1,0,1,1
"1721",1.11605881845694,0.404916241063525,"RI",2024-08-09,0,1,1,1,1,1,1,0,0,1,1,1,1,1
"1722",2.11776924461824,0.363181074574319,"RI",2024-08-10,1,0,0,1,0,0,1,1,0,0,1,0,1,1
"1723",NA,NA,"SC",2024-06-30,NA,NA,NA,NA,NA,NA,NA,NA,NA,NA,NA,NA,NA,NA
"1724",2.84373854223607,0.199463565325746,"SC",2024-07-01,1,0,0,1,1,1,1,1,0,0,1,0,1,1
"1725",NA,NA,"SC",2024-07-02,NA,NA,NA,NA,NA,NA,NA,NA,NA,NA,NA,NA,NA,NA
"1726",NA,NA,"SC",2024-07-03,NA,NA,NA,NA,NA,NA,NA,NA,NA,NA,NA,NA,NA,NA
"1727",NA,NA,"SC",2024-07-04,NA,NA,NA,NA,NA,NA,NA,NA,NA,NA,NA,NA,NA,NA
"1728",1.60633882928425,0.524934385848385,"SC",2024-07-05,0,1,0,1,1,1,1,0,1,0,1,1,1,1
"1729",NA,NA,"SC",2024-07-06,NA,NA,NA,NA,NA,NA,NA,NA,NA,NA,NA,NA,NA,NA
"1730",0.333021965301357,0.18962269669523,"SC",2024-07-07,1,1,1,1,1,1,1,1,1,0,1,1,0,1
"1731",NA,NA,"SC",2024-07-08,NA,NA,NA,NA,NA,NA,NA,NA,NA,NA,NA,NA,NA,NA
"1732",0.291973214537073,0.18743673146031,"SC",2024-07-09,1,1,1,1,1,1,1,1,1,0,1,0,1,1
"1733",0.317071446486036,0.186552856182165,"SC",2024-07-10,1,1,1,1,1,1,1,1,1,0,1,1,0,1
"1734",1.04839391531596,0.547806166191598,"SC",2024-07-11,0,1,1,1,1,1,1,1,1,0,1,0,1,1
"1735",0.579494115706168,0.344948185373965,"SC",2024-07-12,1,1,1,1,1,1,1,1,1,0,1,0,1,1
"1736",NA,NA,"SC",2024-07-13,NA,NA,NA,NA,NA,NA,NA,NA,NA,NA,NA,NA,NA,NA
"1737",NA,NA,"SC",2024-07-14,NA,NA,NA,NA,NA,NA,NA,NA,NA,NA,NA,NA,NA,NA
"1738",0.594635313902815,0.38547816198069,"SC",2024-07-15,1,1,1,1,1,1,1,1,0,0,1,0,1,1
"1739",1.66467010856957,0.600724769090549,"SC",2024-07-16,0,1,1,1,1,1,1,0,1,0,1,1,1,1
"1740",NA,NA,"SC",2024-07-17,NA,NA,NA,NA,NA,NA,NA,NA,NA,NA,NA,NA,NA,NA
"1741",0.329415169153262,0.18463489179913,"SC",2024-07-18,1,1,1,1,1,1,1,1,0,0,1,1,1,1
"1742",0.715652873651191,0.488644692566826,"SC",2024-07-19,1,1,1,1,1,0,1,1,1,0,1,1,0,1
"1743",NA,NA,"SC",2024-07-20,NA,NA,NA,NA,NA,NA,NA,NA,NA,NA,NA,NA,NA,NA
"1744",NA,NA,"SC",2024-07-21,NA,NA,NA,NA,NA,NA,NA,NA,NA,NA,NA,NA,NA,NA
"1745",1.19792718645292,0.453775817376113,"SC",2024-07-22,1,1,1,1,0,1,1,0,1,1,1,0,1,1
"1746",0.893741353152937,0.390329395420578,"SC",2024-07-23,0,1,1,1,1,1,1,0,1,0,1,1,0,1
"1747",0.528694660919191,0.442130089246864,"SC",2024-07-24,1,1,1,1,1,1,1,1,0,1,1,0,1,1
"1748",2.55011701718163,0.409091350297902,"SC",2024-07-25,1,1,0,1,0,1,1,1,0,0,1,0,0,1
"1749",0.907369912470585,0.359201407596744,"SC",2024-07-26,0,1,1,1,1,1,1,0,1,1,1,1,0,1
"1750",NA,NA,"SC",2024-07-27,NA,NA,NA,NA,NA,NA,NA,NA,NA,NA,NA,NA,NA,NA
"1751",NA,NA,"SC",2024-07-28,NA,NA,NA,NA,NA,NA,NA,NA,NA,NA,NA,NA,NA,NA
"1752",1.74027124168785,0.39570920808232,"SC",2024-07-29,1,1,1,1,0,1,1,1,0,0,1,0,0,1
"1753",1.15634162684312,0.456629656109828,"SC",2024-07-30,1,1,1,1,1,1,0,1,0,0,1,0,1,0
"1754",0.7251432648274,0.538287730044753,"SC",2024-07-31,1,0,1,1,1,1,1,1,0,0,1,1,1,1
"1755",1.52752066902379,0.293493094752178,"SC",2024-08-01,1,1,0,1,1,1,1,1,0,0,1,0,1,1
"1756",2.40503907812997,0.530502387706999,"SC",2024-08-02,0,1,0,1,1,0,1,0,1,0,1,0,0,1
"1757",NA,NA,"SC",2024-08-03,NA,NA,NA,NA,NA,NA,NA,NA,NA,NA,NA,NA,NA,NA
"1758",NA,NA,"SC",2024-08-04,NA,NA,NA,NA,NA,NA,NA,NA,NA,NA,NA,NA,NA,NA
"1759",2.92659561692665,0.4374791563877,"SC",2024-08-05,0,0,1,1,1,1,1,0,1,1,1,0,0,1
"1760",1.96682438337129,0.514210334663404,"SC",2024-08-06,0,1,1,1,0,1,1,0,1,1,1,0,0,1
"1761",1.20413906733241,0.424310496778741,"SC",2024-08-07,1,0,1,1,1,1,1,1,0,0,1,0,0,1
"1762",3.11741395750207,0.497228980679719,"SC",2024-08-08,1,0,1,1,0,1,1,1,0,0,1,0,0,1
"1763",1.47582112115411,0.442935653223681,"SC",2024-08-09,1,0,1,1,1,1,1,1,0,0,1,0,1,1
"1764",1.0393477584253,0.43960931867255,"SC",2024-08-10,0,1,1,1,1,1,1,0,1,1,1,0,1,1
"1765",0.513908761166513,0.397579609653104,"SD",2024-06-30,1,1,1,1,1,1,1,0,1,0,1,1,1,1
"1766",1.07896821999968,0.392051849109432,"SD",2024-07-01,1,0,1,1,1,1,1,0,0,1,1,0,1,1
"1767",NA,NA,"SD",2024-07-02,NA,NA,NA,NA,NA,NA,NA,NA,NA,NA,NA,NA,NA,NA
"1768",1.17743376646712,0.591236236358675,"SD",2024-07-03,1,1,1,1,0,1,0,1,1,1,1,0,0,0
"1769",NA,NA,"SD",2024-07-04,NA,NA,NA,NA,NA,NA,NA,NA,NA,NA,NA,NA,NA,NA
"1770",0.381305309370137,0.233809728292679,"SD",2024-07-05,1,1,1,1,1,1,1,1,1,1,1,1,1,1
"1771",NA,NA,"SD",2024-07-06,NA,NA,NA,NA,NA,NA,NA,NA,NA,NA,NA,NA,NA,NA
"1772",NA,NA,"SD",2024-07-07,NA,NA,NA,NA,NA,NA,NA,NA,NA,NA,NA,NA,NA,NA
"1773",1.00580220795535,0.326169655602619,"SD",2024-07-08,1,1,1,1,1,1,1,0,0,1,1,0,1,1
"1774",0.998835397792394,0.257285747508099,"SD",2024-07-09,0,1,1,1,1,1,1,0,0,1,1,1,1,1
"1775",0.584862907276699,0.362010387136983,"SD",2024-07-10,1,1,1,1,1,1,1,0,0,1,1,1,1,1
"1776",0.452654193820966,0.269472651859814,"SD",2024-07-11,1,1,1,1,1,1,1,0,1,1,1,1,0,1
"1777",NA,NA,"SD",2024-07-12,NA,NA,NA,NA,NA,NA,NA,NA,NA,NA,NA,NA,NA,NA
"1778",1.03035386568381,0.386510196658903,"SD",2024-07-13,1,1,0,1,1,1,1,0,1,0,1,0,0,1
"1779",0.480974131558371,0.288268441372753,"SD",2024-07-14,1,1,1,1,1,1,1,0,1,0,1,1,1,1
"1780",0.906458416746031,0.474833488166085,"SD",2024-07-15,1,0,1,1,1,1,1,0,0,1,1,0,1,1
"1781",0.686444456342914,0.47674039049265,"SD",2024-07-16,1,0,1,1,1,1,1,0,0,1,1,1,1,1
"1782",0.754724427430761,0.427183487130862,"SD",2024-07-17,1,1,1,1,1,0,1,0,1,0,1,0,0,1
"1783",1.00210334818906,0.37320552599033,"SD",2024-07-18,1,1,1,1,1,1,1,0,0,0,1,1,1,1
"1784",NA,NA,"SD",2024-07-19,NA,NA,NA,NA,NA,NA,NA,NA,NA,NA,NA,NA,NA,NA
"1785",0.566293041793545,0.327512304511415,"SD",2024-07-20,0,1,1,1,1,1,1,1,1,1,1,1,1,1
"1786",1.77000910991813,0.420364550155796,"SD",2024-07-21,1,0,1,1,1,1,1,0,0,1,1,0,0,1
"1787",0.710989268619076,0.398236816402708,"SD",2024-07-22,1,0,1,1,1,1,1,1,1,0,1,0,1,1
"1788",0.532499853429301,0.361588983475234,"SD",2024-07-23,1,1,1,1,1,1,1,1,0,0,1,0,1,1
"1789",NA,NA,"SD",2024-07-24,NA,NA,NA,NA,NA,NA,NA,NA,NA,NA,NA,NA,NA,NA
"1790",0.939104360252984,0.4053318826756,"SD",2024-07-25,1,1,1,1,1,1,1,0,0,0,1,0,1,1
"1791",0.695910494830201,0.490997225759928,"SD",2024-07-26,1,0,1,1,1,1,1,1,0,0,1,1,1,1
"1792",0.601444719946993,0.375621416595891,"SD",2024-07-27,0,1,1,1,1,1,1,0,0,1,1,1,1,1
"1793",1.15756381870404,0.466685267626705,"SD",2024-07-28,1,1,1,1,1,1,1,1,1,0,1,1,0,1
"1794",1.07308269728118,0.362908091506856,"SD",2024-07-29,0,1,1,1,1,1,1,1,0,0,1,0,1,1
"1795",NA,NA,"SD",2024-07-30,NA,NA,NA,NA,NA,NA,NA,NA,NA,NA,NA,NA,NA,NA
"1796",1.67135387960712,0.457400716248191,"SD",2024-07-31,1,1,1,1,1,1,0,1,0,0,1,0,0,0
"1797",0.715236981779267,0.523240724236199,"SD",2024-08-01,1,1,1,1,1,0,1,1,1,1,1,0,0,1
"1798",0.426231833691728,0.315431571708153,"SD",2024-08-02,1,1,1,1,1,1,1,0,1,0,1,1,1,1
"1799",0.670355401144982,0.425721606624245,"SD",2024-08-03,0,1,1,1,1,1,1,0,1,0,1,1,1,1
"1800",1.91415965049108,0.498186042302796,"SD",2024-08-04,1,0,0,1,0,1,1,0,0,0,1,0,0,1
"1801",1.66538236686229,0.485948183489058,"SD",2024-08-05,1,1,1,1,0,1,0,0,0,0,1,0,0,0
"1802",1.67778606007575,0.47314331589657,"SD",2024-08-06,0,0,1,1,1,1,1,0,0,1,1,0,1,1
"1803",NA,NA,"SD",2024-08-07,NA,NA,NA,NA,NA,NA,NA,NA,NA,NA,NA,NA,NA,NA
"1804",0.739662401519274,0.462477102599449,"SD",2024-08-08,0,1,1,1,1,1,1,0,0,1,1,1,1,1
"1805",0.799659817922667,0.536097101542498,"SD",2024-08-09,1,0,1,1,1,1,1,0,0,1,1,1,1,1
"1806",NA,NA,"SD",2024-08-10,NA,NA,NA,NA,NA,NA,NA,NA,NA,NA,NA,NA,NA,NA
"1807",1.22452397894093,0.388252120502195,"TN",2024-06-30,1,1,1,1,1,1,0,0,0,1,1,1,0,0
"1808",1.50871386198976,0.421126554291073,"TN",2024-07-01,1,1,1,1,1,0,0,0,0,0,1,0,1,0
"1809",4.05752488308096,0.416978697536099,"TN",2024-07-02,1,0,1,1,1,0,0,0,0,0,1,0,0,0
"1810",2.45090147959705,0.393754126074146,"TN",2024-07-03,0,0,1,1,1,0,1,0,1,1,0,0,0,1
"1811",1.48365949753314,0.349216086945749,"TN",2024-07-04,1,1,1,1,1,1,1,0,1,1,1,1,0,1
"1812",1.85300882256008,0.374570534095554,"TN",2024-07-05,1,1,0,1,1,0,1,0,0,0,1,0,0,1
"1813",NA,NA,"TN",2024-07-06,NA,NA,NA,NA,NA,NA,NA,NA,NA,NA,NA,NA,NA,NA
"1814",0.597615424526036,0.348594719272047,"TN",2024-07-07,1,1,1,1,1,1,1,1,0,0,1,1,1,1
"1815",1.99762239785715,0.412823042933958,"TN",2024-07-08,0,1,1,1,1,0,1,0,1,0,1,0,1,1
"1816",1.41049597430163,0.366333649704016,"TN",2024-07-09,0,1,1,1,1,1,1,0,1,0,1,1,0,1
"1817",4.38323220684672,0.429295960109983,"TN",2024-07-10,0,0,0,1,0,0,1,0,0,0,1,0,0,1
"1818",2.48845299509129,0.403013380898878,"TN",2024-07-11,1,1,1,0,1,1,1,0,1,0,0,1,0,1
"1819",2.24950211204097,0.401120977007699,"TN",2024-07-12,1,1,1,1,0,0,1,1,0,0,0,0,1,1
"1820",0.866362221323717,0.430934093563476,"TN",2024-07-13,1,1,1,1,1,0,1,1,0,0,1,1,0,1
"1821",0.919653598940982,0.400062026341842,"TN",2024-07-14,1,1,1,1,1,1,1,0,0,0,1,0,0,0
"1822",4.46894176179006,0.404610414503513,"TN",2024-07-15,0,0,1,1,1,1,1,0,0,0,0,0,0,1
"1823",2.87789911849444,0.404617189346004,"TN",2024-07-16,0,1,1,1,1,0,1,0,0,0,1,0,0,1
"1824",2.83575286050451,0.414877426280933,"TN",2024-07-17,1,1,0,1,1,1,1,0,0,0,1,0,0,1
"1825",1.56243005923773,0.428430147516702,"TN",2024-07-18,1,1,1,1,1,1,0,0,1,0,1,1,1,0
"1826",2.49903866548122,0.421177122021158,"TN",2024-07-19,1,1,1,1,0,0,1,0,0,0,1,0,0,1
"1827",1.82742301950657,0.483701852518255,"TN",2024-07-20,1,1,0,1,1,0,0,1,0,0,1,0,0,0
"1828",2.26097460259495,0.393915555095659,"TN",2024-07-21,0,0,1,1,0,1,1,1,1,0,1,0,1,1
"1829",4.15837240280296,0.434182885360011,"TN",2024-07-22,0,1,0,1,1,1,1,0,0,0,0,0,1,1
"1830",2.83754636024059,0.430887604600175,"TN",2024-07-23,0,1,1,1,1,0,0,0,0,0,1,0,0,0
"1831",1.86527805692835,0.379305764563917,"TN",2024-07-24,1,1,1,1,1,1,1,1,1,1,1,0,0,1
"1832",0.809956993289532,0.392632998161169,"TN",2024-07-25,1,1,1,1,1,1,1,1,1,0,1,1,0,1
"1833",1.4017560053561,0.459656309736845,"TN",2024-07-26,1,0,1,1,1,1,1,0,0,1,1,1,1,1
"1834",2.09109504314863,0.48693549722673,"TN",2024-07-27,0,1,1,1,1,0,1,0,0,1,0,0,0,1
"1835",2.78665604099664,0.443739863979971,"TN",2024-07-28,1,0,1,1,1,1,1,0,0,1,1,0,1,1
"1836",2.81995314063011,0.431859709094126,"TN",2024-07-29,0,0,1,1,1,1,1,0,0,0,0,0,1,1
"1837",1.43133334351919,0.407611163093981,"TN",2024-07-30,1,1,1,1,1,0,1,1,1,1,1,0,0,1
"1838",1.11962271572177,0.380221850207019,"TN",2024-07-31,1,1,1,1,1,0,1,1,0,0,1,0,0,1
"1839",1.27980568642146,0.404984171013161,"TN",2024-08-01,1,1,1,1,1,0,1,0,0,0,1,1,0,1
"1840",2.57671470387485,0.457032286373855,"TN",2024-08-02,1,1,0,1,1,0,1,1,0,0,1,0,0,1
"1841",0.76632039793398,0.549802546178921,"TN",2024-08-03,0,1,1,1,1,1,1,0,1,0,1,1,1,1
"1842",0.91889613670505,0.446007920683371,"TN",2024-08-04,0,1,1,1,1,1,1,1,1,1,1,1,1,1
"1843",2.6374037682325,0.457711661971661,"TN",2024-08-05,0,0,1,1,0,0,1,0,1,0,1,1,1,1
"1844",3.67896726663245,0.438427743505799,"TN",2024-08-06,0,0,1,1,0,1,1,0,0,0,1,1,1,1
"1845",1.65942259258749,0.40686225552955,"TN",2024-08-07,1,1,1,1,0,1,0,1,0,0,1,0,0,0
"1846",3.2410338462667,0.449400673482616,"TN",2024-08-08,0,0,0,1,1,0,0,0,1,1,1,0,0,0
"1847",1.57779537487115,0.401549112775206,"TN",2024-08-09,1,1,1,1,1,0,1,0,0,0,1,1,0,1
"1848",0.940502473367493,0.368935878664026,"TN",2024-08-10,0,1,1,1,1,1,1,0,0,0,1,0,1,1
"1849",NA,NA,"TX",2024-06-30,NA,NA,NA,NA,NA,NA,NA,NA,NA,NA,NA,NA,NA,NA
"1850",1.73008969881818,0.329305719186996,"TX",2024-07-01,0,1,1,1,1,1,1,0,1,0,1,0,1,1
"1851",0.582015858068503,0.388128367860728,"TX",2024-07-02,1,1,0,1,1,1,1,0,1,0,1,1,1,1
"1852",NA,NA,"TX",2024-07-03,NA,NA,NA,NA,NA,NA,NA,NA,NA,NA,NA,NA,NA,NA
"1853",0.438601196107267,0.352736008732443,"TX",2024-07-04,1,1,1,1,1,1,1,0,1,1,1,1,0,1
"1854",0.649175161398387,0.38366361719929,"TX",2024-07-05,1,1,1,1,1,1,1,1,0,0,1,1,1,1
"1855",NA,NA,"TX",2024-07-06,NA,NA,NA,NA,NA,NA,NA,NA,NA,NA,NA,NA,NA,NA
"1856",0.577502023803278,0.35762585007335,"TX",2024-07-07,1,1,1,1,1,1,1,1,1,1,1,0,0,1
"1857",2.42077442858894,0.36641112677194,"TX",2024-07-08,1,1,1,1,1,0,1,0,1,0,1,0,0,1
"1858",0.982879748003574,0.359653883863584,"TX",2024-07-09,1,1,1,1,1,1,1,0,1,0,1,0,1,1
"1859",1.24182805560589,0.417870439745882,"TX",2024-07-10,1,1,1,0,1,1,1,0,1,0,0,1,0,1
"1860",0.622095920395008,0.365956769283405,"TX",2024-07-11,1,1,1,1,1,1,1,0,1,1,1,0,1,1
"1861",1.24831055259089,0.410236761545295,"TX",2024-07-12,1,0,1,1,1,1,1,0,0,0,1,0,0,0
"1862",0.662781757480655,0.389268466150855,"TX",2024-07-13,1,1,1,1,1,1,1,1,0,1,1,1,0,1
"1863",0.390520480559487,0.32169653366138,"TX",2024-07-14,1,1,1,1,1,1,1,0,1,1,1,1,0,1
"1864",2.51726290283165,0.392730436549879,"TX",2024-07-15,0,1,0,1,1,1,1,0,0,0,1,1,0,1
"1865",2.09327237498415,0.39284476588553,"TX",2024-07-16,1,1,1,1,1,1,1,1,0,0,1,0,0,1
"1866",1.27834134164444,0.395953017579745,"TX",2024-07-17,0,1,1,1,1,1,1,0,0,0,1,1,1,1
"1867",1.18518660683871,0.410739917003567,"TX",2024-07-18,1,0,1,1,1,1,1,0,0,0,1,0,0,1
"1868",0.578485556731219,0.359444626341253,"TX",2024-07-19,1,1,0,1,1,1,1,1,0,0,1,1,1,1
"1869",0.56853857249584,0.359350920876948,"TX",2024-07-20,1,1,0,1,1,1,1,1,1,0,1,1,0,1
"1870",NA,NA,"TX",2024-07-21,NA,NA,NA,NA,NA,NA,NA,NA,NA,NA,NA,NA,NA,NA
"1871",1.93226801852351,0.41282943462728,"TX",2024-07-22,1,0,1,1,1,1,1,0,0,0,1,0,1,1
"1872",2.29865810961218,0.386640596455355,"TX",2024-07-23,1,0,1,1,1,1,1,1,0,1,1,0,1,1
"1873",1.97305309937929,0.42267925330571,"TX",2024-07-24,1,0,1,1,1,1,1,0,0,0,1,1,0,1
"1874",2.65314092694865,0.43265468015752,"TX",2024-07-25,0,1,1,1,1,1,1,0,0,0,1,1,0,1
"1875",1.14497150213574,0.403348764051082,"TX",2024-07-26,1,1,1,1,1,1,1,1,0,0,1,0,0,1
"1876",NA,NA,"TX",2024-07-27,NA,NA,NA,NA,NA,NA,NA,NA,NA,NA,NA,NA,NA,NA
"1877",0.753189905866886,0.507052880532439,"TX",2024-07-28,0,1,1,1,1,1,1,0,1,1,1,0,1,1
"1878",4.87691328779974,0.437362560027022,"TX",2024-07-29,0,0,0,1,0,1,1,0,0,0,1,0,0,1
"1879",2.68060784786069,0.438282057015523,"TX",2024-07-30,0,1,1,1,1,0,1,0,0,0,1,0,1,1
"1880",1.65800755043196,0.471651002443057,"TX",2024-07-31,0,1,1,1,1,1,1,0,1,0,1,0,1,1
"1881",1.87478064669216,0.416330787060675,"TX",2024-08-01,0,1,1,1,0,1,1,0,0,0,1,0,0,1
"1882",1.96192483185386,0.424851857738044,"TX",2024-08-02,0,0,1,1,0,1,1,0,1,0,1,0,0,1
"1883",NA,NA,"TX",2024-08-03,NA,NA,NA,NA,NA,NA,NA,NA,NA,NA,NA,NA,NA,NA
"1884",NA,NA,"TX",2024-08-04,NA,NA,NA,NA,NA,NA,NA,NA,NA,NA,NA,NA,NA,NA
"1885",7.28505568082129,0.453657187248044,"TX",2024-08-05,0,0,0,1,0,1,1,0,0,0,1,0,0,1
"1886",5.1070693159272,0.464385100263231,"TX",2024-08-06,0,0,0,1,1,0,0,0,0,0,1,0,0,0
"1887",1.59176943794093,0.408764468521602,"TX",2024-08-07,0,1,1,1,1,1,1,0,1,0,1,0,1,1
"1888",1.2030394283705,0.457681331439936,"TX",2024-08-08,0,1,1,1,1,1,0,0,1,1,1,1,0,0
"1889",3.86844200030002,0.492355850437008,"TX",2024-08-09,0,0,1,1,0,0,1,0,1,0,1,0,0,1
"1890",NA,NA,"TX",2024-08-10,NA,NA,NA,NA,NA,NA,NA,NA,NA,NA,NA,NA,NA,NA
"1891",NA,NA,"UT",2024-06-30,NA,NA,NA,NA,NA,NA,NA,NA,NA,NA,NA,NA,NA,NA
"1892",0.500347414908589,0.353744495610982,"UT",2024-07-01,1,1,1,1,1,1,1,1,1,1,1,1,1,1
"1893",NA,NA,"UT",2024-07-02,NA,NA,NA,NA,NA,NA,NA,NA,NA,NA,NA,NA,NA,NA
"1894",NA,NA,"UT",2024-07-03,NA,NA,NA,NA,NA,NA,NA,NA,NA,NA,NA,NA,NA,NA
"1895",NA,NA,"UT",2024-07-04,NA,NA,NA,NA,NA,NA,NA,NA,NA,NA,NA,NA,NA,NA
"1896",NA,NA,"UT",2024-07-05,NA,NA,NA,NA,NA,NA,NA,NA,NA,NA,NA,NA,NA,NA
"1897",NA,NA,"UT",2024-07-06,NA,NA,NA,NA,NA,NA,NA,NA,NA,NA,NA,NA,NA,NA
"1898",NA,NA,"UT",2024-07-07,NA,NA,NA,NA,NA,NA,NA,NA,NA,NA,NA,NA,NA,NA
"1899",2.12342228222382,0.34357174746755,"UT",2024-07-08,1,1,0,1,1,1,1,1,1,0,1,0,1,1
"1900",1.09617485538299,0.333123931699047,"UT",2024-07-09,1,1,0,1,1,1,1,1,1,0,1,0,1,1
"1901",NA,NA,"UT",2024-07-10,NA,NA,NA,NA,NA,NA,NA,NA,NA,NA,NA,NA,NA,NA
"1902",0.552809618616587,0.38754846743476,"UT",2024-07-11,1,0,1,1,1,1,1,0,0,1,1,1,1,1
"1903",NA,NA,"UT",2024-07-12,NA,NA,NA,NA,NA,NA,NA,NA,NA,NA,NA,NA,NA,NA
"1904",NA,NA,"UT",2024-07-13,NA,NA,NA,NA,NA,NA,NA,NA,NA,NA,NA,NA,NA,NA
"1905",NA,NA,"UT",2024-07-14,NA,NA,NA,NA,NA,NA,NA,NA,NA,NA,NA,NA,NA,NA
"1906",0.794145159514851,0.400360628535898,"UT",2024-07-15,0,1,1,1,1,1,1,0,1,0,1,1,1,1
"1907",NA,NA,"UT",2024-07-16,NA,NA,NA,NA,NA,NA,NA,NA,NA,NA,NA,NA,NA,NA
"1908",1.40881235582083,0.430123472136465,"UT",2024-07-17,1,0,1,1,1,1,1,0,0,0,0,1,1,1
"1909",NA,NA,"UT",2024-07-18,NA,NA,NA,NA,NA,NA,NA,NA,NA,NA,NA,NA,NA,NA
"1910",NA,NA,"UT",2024-07-19,NA,NA,NA,NA,NA,NA,NA,NA,NA,NA,NA,NA,NA,NA
"1911",NA,NA,"UT",2024-07-20,NA,NA,NA,NA,NA,NA,NA,NA,NA,NA,NA,NA,NA,NA
"1912",NA,NA,"UT",2024-07-21,NA,NA,NA,NA,NA,NA,NA,NA,NA,NA,NA,NA,NA,NA
"1913",NA,NA,"UT",2024-07-22,NA,NA,NA,NA,NA,NA,NA,NA,NA,NA,NA,NA,NA,NA
"1914",0.478180253692341,0.358890604299399,"UT",2024-07-23,1,1,1,1,1,1,1,1,1,1,1,1,1,1
"1915",NA,NA,"UT",2024-07-24,NA,NA,NA,NA,NA,NA,NA,NA,NA,NA,NA,NA,NA,NA
"1916",NA,NA,"UT",2024-07-25,NA,NA,NA,NA,NA,NA,NA,NA,NA,NA,NA,NA,NA,NA
"1917",0.538781058453123,0.42929591369836,"UT",2024-07-26,1,1,1,1,0,1,1,1,1,0,1,0,1,1
"1918",NA,NA,"UT",2024-07-27,NA,NA,NA,NA,NA,NA,NA,NA,NA,NA,NA,NA,NA,NA
"1919",NA,NA,"UT",2024-07-28,NA,NA,NA,NA,NA,NA,NA,NA,NA,NA,NA,NA,NA,NA
"1920",0.678908734527135,0.437580667574502,"UT",2024-07-29,1,0,1,1,1,1,1,1,0,1,1,0,1,1
"1921",0.754824151950379,0.422388091431568,"UT",2024-07-30,1,1,1,1,1,1,1,1,0,0,1,0,0,1
"1922",0.907368715755177,0.411182563461396,"UT",2024-07-31,0,1,1,1,1,1,1,0,1,1,1,0,0,1
"1923",0.470451194679601,0.362776718731816,"UT",2024-08-01,1,1,1,1,1,1,1,1,0,1,1,1,0,1
"1924",NA,NA,"UT",2024-08-02,NA,NA,NA,NA,NA,NA,NA,NA,NA,NA,NA,NA,NA,NA
"1925",NA,NA,"UT",2024-08-03,NA,NA,NA,NA,NA,NA,NA,NA,NA,NA,NA,NA,NA,NA
"1926",NA,NA,"UT",2024-08-04,NA,NA,NA,NA,NA,NA,NA,NA,NA,NA,NA,NA,NA,NA
"1927",0.753574600250367,0.385875460913168,"UT",2024-08-05,1,1,1,1,1,1,1,1,0,1,1,0,1,1
"1928",0.560190271802239,0.334501224801189,"UT",2024-08-06,1,1,0,1,1,1,1,1,1,1,1,1,1,1
"1929",NA,NA,"UT",2024-08-07,NA,NA,NA,NA,NA,NA,NA,NA,NA,NA,NA,NA,NA,NA
"1930",NA,NA,"UT",2024-08-08,NA,NA,NA,NA,NA,NA,NA,NA,NA,NA,NA,NA,NA,NA
"1931",NA,NA,"UT",2024-08-09,NA,NA,NA,NA,NA,NA,NA,NA,NA,NA,NA,NA,NA,NA
"1932",NA,NA,"UT",2024-08-10,NA,NA,NA,NA,NA,NA,NA,NA,NA,NA,NA,NA,NA,NA
"1933",4.38206373346043,0.391823177504018,"VA",2024-06-30,1,0,0,1,0,1,1,0,0,0,1,0,0,0
"1934",1.55719861666398,0.359466861803043,"VA",2024-07-01,1,1,1,1,1,1,1,0,0,0,1,0,0,1
"1935",3.15128338642669,0.397576848095679,"VA",2024-07-02,0,1,0,1,1,1,1,0,0,0,1,0,0,1
"1936",2.47160106038204,0.41920069556306,"VA",2024-07-03,1,1,0,1,0,1,1,0,1,0,1,0,0,1
"1937",0.97730943253905,0.375713062102716,"VA",2024-07-04,1,0,1,1,1,1,1,1,0,0,1,1,0,1
"1938",2.90951307599096,0.399716198964706,"VA",2024-07-05,1,0,0,1,0,1,1,0,0,0,1,0,0,0
"1939",2.06116423477935,0.397557449404213,"VA",2024-07-06,1,1,1,1,0,1,1,1,0,0,1,0,1,0
"1940",2.37798590421986,0.386666256672233,"VA",2024-07-07,1,1,1,1,1,1,1,0,0,0,1,0,1,1
"1941",2.8388357257704,0.404491814231873,"VA",2024-07-08,1,1,1,1,1,0,1,0,0,0,1,0,0,1
"1942",1.9353390557126,0.406998294698152,"VA",2024-07-09,1,1,1,1,1,0,1,0,0,1,1,0,0,1
"1943",2.94133768711242,0.400747064977631,"VA",2024-07-10,0,1,1,1,1,1,0,0,0,0,1,1,0,0
"1944",2.99480612095631,0.404550096206437,"VA",2024-07-11,1,0,1,1,1,1,1,0,0,0,1,1,0,0
"1945",2.88673911291527,0.403472717737711,"VA",2024-07-12,1,1,0,1,0,1,0,0,1,1,1,0,0,0
"1946",2.35276487396928,0.397702335876583,"VA",2024-07-13,0,1,1,1,1,1,1,0,0,1,1,0,0,1
"1947",6.9739833879948,0.41490737796158,"VA",2024-07-14,0,0,0,1,0,1,0,0,0,1,1,0,0,1
"1948",5.24362381099061,0.39112193355859,"VA",2024-07-15,0,0,1,1,1,0,0,0,0,1,1,0,0,0
"1949",1.95561110192435,0.402299267185798,"VA",2024-07-16,1,1,1,1,1,1,0,0,0,0,1,0,0,0
"1950",5.83560232534832,0.42063709540437,"VA",2024-07-17,0,1,1,1,0,1,0,0,0,0,1,0,1,0
"1951",1.9783107073414,0.413392334129876,"VA",2024-07-18,1,1,1,1,1,1,0,0,0,0,1,0,0,0
"1952",3.68892677100096,0.408362785767337,"VA",2024-07-19,0,1,0,1,0,1,1,0,0,0,1,0,0,1
"1953",4.36645703697982,0.420924508608731,"VA",2024-07-20,0,1,1,1,0,1,1,0,1,0,1,0,0,1
"1954",1.82785545867521,0.411553739271442,"VA",2024-07-21,0,1,1,1,1,1,1,1,0,1,1,0,1,1
"1955",4.16067278409638,0.430953316862606,"VA",2024-07-22,0,1,1,1,0,1,1,0,0,0,1,0,0,0
"1956",4.40781982534078,0.436267427203975,"VA",2024-07-23,0,1,0,1,1,1,0,0,1,0,1,0,0,0
"1957",4.051468057886,0.398774801519848,"VA",2024-07-24,0,1,0,1,1,1,0,0,1,0,0,0,0,0
"1958",3.08633423582257,0.418138613768906,"VA",2024-07-25,1,1,0,1,1,0,1,0,0,0,1,0,0,1
"1959",7.89568839000093,0.438769482619829,"VA",2024-07-26,0,1,1,1,0,1,0,0,0,0,1,0,0,0
"1960",3.87446612393986,0.419132730881206,"VA",2024-07-27,1,0,1,1,0,0,1,1,0,1,1,0,0,1
"1961",4.21612255540083,0.368728941268109,"VA",2024-07-28,1,0,0,1,0,1,0,0,0,0,1,0,0,0
"1962",2.96407749421669,0.37816637034946,"VA",2024-07-29,1,1,1,1,1,1,1,0,0,0,1,0,0,1
"1963",3.76669625619875,0.411324060380036,"VA",2024-07-30,0,1,1,1,0,1,1,0,1,0,1,0,0,1
"1964",8.31077817705677,0.453888199412019,"VA",2024-07-31,0,1,0,1,0,1,1,0,0,0,1,1,1,0
"1965",3.68457579400529,0.377011787275169,"VA",2024-08-01,1,0,0,1,1,1,1,0,0,0,0,0,0,1
"1966",4.5315839967128,0.460718882928211,"VA",2024-08-02,0,1,1,1,0,0,1,0,0,1,1,0,0,1
"1967",3.58039755659068,0.452548549799775,"VA",2024-08-03,0,0,1,1,0,1,0,0,0,0,0,0,1,0
"1968",4.1422941558474,0.43876853079606,"VA",2024-08-04,1,1,1,1,0,0,0,0,0,0,1,0,0,0
"1969",9.65417403613494,0.468378462316264,"VA",2024-08-05,0,0,0,1,0,1,0,0,0,0,1,0,0,0
"1970",5.98787576116266,0.479539528689522,"VA",2024-08-06,0,0,1,1,0,1,0,0,0,0,1,0,0,0
"1971",6.29107761701349,0.445985868273712,"VA",2024-08-07,0,1,1,1,0,0,1,0,0,0,0,0,0,1
"1972",5.10994633615237,0.438570194119161,"VA",2024-08-08,0,1,1,1,0,0,1,0,1,0,1,0,0,1
"1973",4.51421111872071,0.402550039293562,"VA",2024-08-09,0,1,1,1,1,1,0,0,0,0,1,0,1,0
"1974",4.4498335134342,0.496361740541344,"VA",2024-08-10,0,1,1,1,0,0,1,0,0,0,1,0,0,1
"1975",1.04715443767068,0.319897880605867,"VT",2024-06-30,1,1,0,1,1,1,1,1,0,0,1,1,1,1
"1976",NA,NA,"VT",2024-07-01,NA,NA,NA,NA,NA,NA,NA,NA,NA,NA,NA,NA,NA,NA
"1977",NA,NA,"VT",2024-07-02,NA,NA,NA,NA,NA,NA,NA,NA,NA,NA,NA,NA,NA,NA
"1978",0.827386549778376,0.578572441569736,"VT",2024-07-03,1,1,1,0,1,1,1,0,1,1,0,1,1,1
"1979",1.1417241564747,0.542089562679431,"VT",2024-07-04,1,1,1,0,1,0,1,1,0,0,0,1,0,1
"1980",0.905316223360789,0.45986586254517,"VT",2024-07-05,1,1,1,1,0,1,1,0,1,0,1,1,1,1
"1981",NA,NA,"VT",2024-07-06,NA,NA,NA,NA,NA,NA,NA,NA,NA,NA,NA,NA,NA,NA
"1982",2.28482752203335,0.435644636427607,"VT",2024-07-07,0,0,1,1,0,1,1,0,1,0,0,0,0,1
"1983",1.44027669399306,0.468210882177093,"VT",2024-07-08,1,1,1,1,0,1,1,1,0,1,0,0,1,1
"1984",0.430698514142122,0.294652481781001,"VT",2024-07-09,1,1,1,1,1,1,1,1,1,1,1,1,1,1
"1985",2.63764828857491,0.429912928669483,"VT",2024-07-10,1,0,1,1,0,1,1,1,0,1,1,0,0,1
"1986",0.465427052443035,0.328671797238866,"VT",2024-07-11,1,1,1,1,1,1,1,1,1,1,1,1,1,1
"1987",0.696927342665724,0.475295819357077,"VT",2024-07-12,0,1,1,1,1,1,1,0,1,1,1,1,0,1
"1988",0.700478984484588,0.480847548151531,"VT",2024-07-13,0,1,1,1,1,1,1,0,1,0,1,1,1,1
"1989",0.503614927032116,0.376201616528563,"VT",2024-07-14,1,1,1,1,1,1,1,1,0,0,1,1,1,1
"1990",1.25264048061257,0.407939085065321,"VT",2024-07-15,1,1,1,1,0,1,1,0,0,1,1,0,0,1
"1991",0.684543294738714,0.389229886838369,"VT",2024-07-16,1,1,1,1,1,1,1,0,0,0,1,1,0,1
"1992",1.38554775662289,0.430398411628239,"VT",2024-07-17,0,1,1,1,1,1,1,0,0,0,1,1,1,1
"1993",1.40506095347986,0.435899911426749,"VT",2024-07-18,0,1,1,1,0,1,1,0,0,0,1,0,0,1
"1994",NA,NA,"VT",2024-07-19,NA,NA,NA,NA,NA,NA,NA,NA,NA,NA,NA,NA,NA,NA
"1995",NA,NA,"VT",2024-07-20,NA,NA,NA,NA,NA,NA,NA,NA,NA,NA,NA,NA,NA,NA
"1996",NA,NA,"VT",2024-07-21,NA,NA,NA,NA,NA,NA,NA,NA,NA,NA,NA,NA,NA,NA
"1997",0.561095481678075,0.409513545393627,"VT",2024-07-22,1,0,1,1,1,1,1,1,0,1,1,1,0,1
"1998",1.96092995626547,0.528536439251536,"VT",2024-07-23,1,1,1,1,1,1,0,0,0,1,0,0,0,0
"1999",0.889403755272775,0.335130817752643,"VT",2024-07-24,1,1,1,1,1,1,1,1,1,0,1,0,1,1
"2000",0.773563108908843,0.541275137009169,"VT",2024-07-25,0,1,1,1,1,1,1,0,1,0,1,1,1,1
"2001",0.797127725213788,0.545932078205106,"VT",2024-07-26,0,1,1,1,1,1,1,0,1,0,1,1,1,1
"2002",0.427673879001418,0.299832063719997,"VT",2024-07-27,1,1,1,1,1,1,1,0,1,0,1,1,1,1
"2003",0.97266386885248,0.497504723133786,"VT",2024-07-28,0,1,1,1,1,1,1,0,0,0,0,1,1,1
"2004",0.791042449109722,0.559730053217012,"VT",2024-07-29,0,1,1,1,1,1,1,1,1,1,1,1,1,1
"2005",0.472763122732427,0.305138199119916,"VT",2024-07-30,1,1,1,1,1,1,1,1,1,1,0,0,1,1
"2006",NA,NA,"VT",2024-07-31,NA,NA,NA,NA,NA,NA,NA,NA,NA,NA,NA,NA,NA,NA
"2007",1.20288130001718,0.484959188604937,"VT",2024-08-01,1,1,1,1,1,1,0,1,0,0,1,0,1,0
"2008",0.955553845276226,0.364925666633473,"VT",2024-08-02,0,1,1,1,1,1,1,0,0,0,1,0,1,1
"2009",0.745012668476702,0.519770473691126,"VT",2024-08-03,1,1,1,1,1,0,1,1,1,1,1,1,1,1
"2010",1.19672571117797,0.479849071223525,"VT",2024-08-04,0,1,1,1,1,1,1,0,0,1,1,1,0,1
"2011",2.29267122347297,0.512936127451481,"VT",2024-08-05,0,0,1,1,0,1,1,0,0,0,1,1,1,1
"2012",1.43907025515816,0.435181691757873,"VT",2024-08-06,1,1,1,1,1,0,1,1,1,0,1,0,0,1
"2013",1.82888095501473,0.567078986151519,"VT",2024-08-07,0,1,1,1,1,1,1,0,0,0,1,0,0,1
"2014",0.859167516978217,0.323435937624129,"VT",2024-08-08,1,1,1,1,1,1,1,1,0,0,1,0,1,1
"2015",NA,NA,"VT",2024-08-09,NA,NA,NA,NA,NA,NA,NA,NA,NA,NA,NA,NA,NA,NA
"2016",NA,NA,"VT",2024-08-10,NA,NA,NA,NA,NA,NA,NA,NA,NA,NA,NA,NA,NA,NA
"2017",2.80549211394814,0.453349102345,"WA",2024-06-30,1,1,0,0,1,1,1,1,0,0,0,0,0,1
"2018",3.67530693490446,0.398878197226937,"WA",2024-07-01,0,0,0,1,0,1,1,0,0,0,1,1,1,1
"2019",2.09352418964685,0.331014372928763,"WA",2024-07-02,0,1,0,1,1,1,1,0,0,0,1,0,0,1
"2020",4.16077948772259,0.4452633582499,"WA",2024-07-03,1,0,0,1,1,1,1,1,0,0,1,0,1,1
"2021",0.575008910720336,0.433699692858838,"WA",2024-07-04,1,0,1,1,1,1,1,0,0,1,1,1,1,1
"2022",2.01808956804186,0.269877923741002,"WA",2024-07-05,1,1,0,1,1,1,1,0,1,0,1,1,1,1
"2023",1.51122656443455,0.425889387753725,"WA",2024-07-06,1,1,1,1,1,0,1,0,1,0,1,1,0,0
"2024",2.50936394086234,0.385775102337304,"WA",2024-07-07,1,1,1,1,0,1,1,1,1,0,1,0,0,1
"2025",2.61438726897642,0.373811053816479,"WA",2024-07-08,0,1,1,1,1,0,1,0,0,0,1,0,0,1
"2026",3.8687960516313,0.440253252982352,"WA",2024-07-09,1,1,0,0,0,1,1,0,0,1,0,0,0,1
"2027",4.6627600659911,0.455253330500735,"WA",2024-07-10,0,1,0,1,0,0,1,0,0,0,1,0,0,1
"2028",1.33219958423494,0.423206731968269,"WA",2024-07-11,1,1,0,1,1,1,1,0,1,0,1,0,0,0
"2029",3.45109326620106,0.444906250310565,"WA",2024-07-12,1,0,0,1,1,0,1,0,0,0,1,0,0,1
"2030",0.773793366559187,0.346828120651914,"WA",2024-07-13,1,1,1,1,1,1,1,1,0,0,1,0,1,1
"2031",2.27773721800286,0.432455681321853,"WA",2024-07-14,0,1,0,1,0,1,1,1,0,0,1,0,0,1
"2032",2.36527024515706,0.452688814222166,"WA",2024-07-15,0,1,0,1,1,1,1,0,0,0,1,0,1,1
"2033",2.85169709858899,0.459474488565156,"WA",2024-07-16,1,0,0,1,0,1,0,0,0,0,1,0,0,0
"2034",3.51749644919843,0.345708292228074,"WA",2024-07-17,0,0,0,1,1,0,1,0,0,0,1,0,0,1
"2035",4.05042208239086,0.502712084510423,"WA",2024-07-18,0,1,0,0,0,1,1,0,0,0,0,0,1,1
"2036",1.71154373923494,0.407353643896518,"WA",2024-07-19,1,1,0,1,0,1,1,0,1,0,1,0,1,1
"2037",3.41704268040352,0.395003413850378,"WA",2024-07-20,1,1,0,1,0,1,1,1,1,0,1,0,1,1
"2038",3.27193123424182,0.527622488247725,"WA",2024-07-21,0,1,0,1,1,1,0,0,1,0,1,1,0,0
"2039",3.71573154701416,0.412334278099362,"WA",2024-07-22,1,1,0,1,0,1,0,0,1,0,1,0,0,0
"2040",3.07384067827057,0.409073327116309,"WA",2024-07-23,0,1,1,1,1,1,1,0,0,0,1,0,1,1
"2041",4.31096400813093,0.377751519268486,"WA",2024-07-24,1,1,0,1,0,1,1,1,1,0,1,0,1,1
"2042",0.743789966958464,0.399249724710775,"WA",2024-07-25,0,1,1,1,1,1,1,0,1,0,1,1,1,1
"2043",3.81550314206732,0.450413983571122,"WA",2024-07-26,1,1,0,1,0,1,0,0,0,0,1,0,1,0
"2044",1.8436287636451,0.419522612558552,"WA",2024-07-27,1,1,1,1,1,0,1,1,1,0,1,1,0,1
"2045",2.51058214943645,0.299590849797733,"WA",2024-07-28,1,1,1,1,0,1,1,0,1,0,1,0,1,1
"2046",4.49942629557879,0.449700321139646,"WA",2024-07-29,0,1,0,1,1,0,1,0,1,0,1,0,0,1
"2047",0.830706761144432,0.348198941948743,"WA",2024-07-30,1,1,1,1,1,1,1,1,1,0,1,0,0,1
"2048",5.96796744049573,0.424856702705283,"WA",2024-07-31,0,0,0,1,1,0,1,0,1,0,1,0,0,1
"2049",0.99590141362644,0.270848144323234,"WA",2024-08-01,1,1,1,1,0,1,1,1,1,1,1,1,1,1
"2050",2.22835941278537,0.468065066311587,"WA",2024-08-02,1,1,0,1,1,0,1,1,1,0,1,1,0,1
"2051",NA,NA,"WA",2024-08-03,NA,NA,NA,NA,NA,NA,NA,NA,NA,NA,NA,NA,NA,NA
"2052",NA,NA,"WA",2024-08-04,NA,NA,NA,NA,NA,NA,NA,NA,NA,NA,NA,NA,NA,NA
"2053",1.47647214198472,0.32707766086969,"WA",2024-08-05,0,1,0,1,0,1,1,1,1,1,1,0,0,1
"2054",1.62490621078968,0.399212345671805,"WA",2024-08-06,1,0,0,1,1,1,1,0,0,0,1,0,1,1
"2055",1.80324325684018,0.496472745263099,"WA",2024-08-07,0,1,0,1,1,1,1,0,0,0,1,1,0,1
"2056",1.34530899619383,0.215255499463739,"WA",2024-08-08,1,1,1,1,0,1,1,1,1,1,1,1,1,1
"2057",2.6117992912893,0.411333683252218,"WA",2024-08-09,0,1,0,1,1,1,1,0,0,0,1,1,1,1
"2058",0.963989134303287,0.364069837864033,"WA",2024-08-10,1,1,1,1,1,1,1,0,0,0,1,0,0,1
"2059",NA,NA,"WI",2024-06-30,NA,NA,NA,NA,NA,NA,NA,NA,NA,NA,NA,NA,NA,NA
"2060",NA,NA,"WI",2024-07-01,NA,NA,NA,NA,NA,NA,NA,NA,NA,NA,NA,NA,NA,NA
"2061",NA,NA,"WI",2024-07-02,NA,NA,NA,NA,NA,NA,NA,NA,NA,NA,NA,NA,NA,NA
"2062",NA,NA,"WI",2024-07-03,NA,NA,NA,NA,NA,NA,NA,NA,NA,NA,NA,NA,NA,NA
"2063",NA,NA,"WI",2024-07-04,NA,NA,NA,NA,NA,NA,NA,NA,NA,NA,NA,NA,NA,NA
"2064",NA,NA,"WI",2024-07-05,NA,NA,NA,NA,NA,NA,NA,NA,NA,NA,NA,NA,NA,NA
"2065",NA,NA,"WI",2024-07-06,NA,NA,NA,NA,NA,NA,NA,NA,NA,NA,NA,NA,NA,NA
"2066",NA,NA,"WI",2024-07-07,NA,NA,NA,NA,NA,NA,NA,NA,NA,NA,NA,NA,NA,NA
"2067",NA,NA,"WI",2024-07-08,NA,NA,NA,NA,NA,NA,NA,NA,NA,NA,NA,NA,NA,NA
"2068",0.863976978076906,0.6156654580133,"WI",2024-07-09,1,1,1,1,1,1,0,1,0,1,1,1,1,0
"2069",0.406644891046814,0.358878573004782,"WI",2024-07-10,1,1,1,1,1,1,1,1,0,0,1,1,1,1
"2070",0.423242695385837,0.357511146579532,"WI",2024-07-11,1,1,1,1,1,1,1,1,1,0,1,1,0,1
"2071",NA,NA,"WI",2024-07-12,NA,NA,NA,NA,NA,NA,NA,NA,NA,NA,NA,NA,NA,NA
"2072",NA,NA,"WI",2024-07-13,NA,NA,NA,NA,NA,NA,NA,NA,NA,NA,NA,NA,NA,NA
"2073",NA,NA,"WI",2024-07-14,NA,NA,NA,NA,NA,NA,NA,NA,NA,NA,NA,NA,NA,NA
"2074",NA,NA,"WI",2024-07-15,NA,NA,NA,NA,NA,NA,NA,NA,NA,NA,NA,NA,NA,NA
"2075",NA,NA,"WI",2024-07-16,NA,NA,NA,NA,NA,NA,NA,NA,NA,NA,NA,NA,NA,NA
"2076",NA,NA,"WI",2024-07-17,NA,NA,NA,NA,NA,NA,NA,NA,NA,NA,NA,NA,NA,NA
"2077",NA,NA,"WI",2024-07-18,NA,NA,NA,NA,NA,NA,NA,NA,NA,NA,NA,NA,NA,NA
"2078",NA,NA,"WI",2024-07-19,NA,NA,NA,NA,NA,NA,NA,NA,NA,NA,NA,NA,NA,NA
"2079",NA,NA,"WI",2024-07-20,NA,NA,NA,NA,NA,NA,NA,NA,NA,NA,NA,NA,NA,NA
"2080",NA,NA,"WI",2024-07-21,NA,NA,NA,NA,NA,NA,NA,NA,NA,NA,NA,NA,NA,NA
"2081",0.565440666983738,0.312474347626235,"WI",2024-07-22,1,0,1,1,1,1,1,1,0,0,1,1,1,1
"2082",NA,NA,"WI",2024-07-23,NA,NA,NA,NA,NA,NA,NA,NA,NA,NA,NA,NA,NA,NA
"2083",NA,NA,"WI",2024-07-24,NA,NA,NA,NA,NA,NA,NA,NA,NA,NA,NA,NA,NA,NA
"2084",NA,NA,"WI",2024-07-25,NA,NA,NA,NA,NA,NA,NA,NA,NA,NA,NA,NA,NA,NA
"2085",NA,NA,"WI",2024-07-26,NA,NA,NA,NA,NA,NA,NA,NA,NA,NA,NA,NA,NA,NA
"2086",NA,NA,"WI",2024-07-27,NA,NA,NA,NA,NA,NA,NA,NA,NA,NA,NA,NA,NA,NA
"2087",NA,NA,"WI",2024-07-28,NA,NA,NA,NA,NA,NA,NA,NA,NA,NA,NA,NA,NA,NA
"2088",NA,NA,"WI",2024-07-29,NA,NA,NA,NA,NA,NA,NA,NA,NA,NA,NA,NA,NA,NA
"2089",NA,NA,"WI",2024-07-30,NA,NA,NA,NA,NA,NA,NA,NA,NA,NA,NA,NA,NA,NA
"2090",NA,NA,"WI",2024-07-31,NA,NA,NA,NA,NA,NA,NA,NA,NA,NA,NA,NA,NA,NA
"2091",NA,NA,"WI",2024-08-01,NA,NA,NA,NA,NA,NA,NA,NA,NA,NA,NA,NA,NA,NA
"2092",NA,NA,"WI",2024-08-02,NA,NA,NA,NA,NA,NA,NA,NA,NA,NA,NA,NA,NA,NA
"2093",NA,NA,"WI",2024-08-03,NA,NA,NA,NA,NA,NA,NA,NA,NA,NA,NA,NA,NA,NA
"2094",NA,NA,"WI",2024-08-04,NA,NA,NA,NA,NA,NA,NA,NA,NA,NA,NA,NA,NA,NA
"2095",NA,NA,"WI",2024-08-05,NA,NA,NA,NA,NA,NA,NA,NA,NA,NA,NA,NA,NA,NA
"2096",0.387502152727223,0.254117728013608,"WI",2024-08-06,1,1,1,1,1,1,1,1,1,0,1,0,1,1
"2097",NA,NA,"WI",2024-08-07,NA,NA,NA,NA,NA,NA,NA,NA,NA,NA,NA,NA,NA,NA
"2098",NA,NA,"WI",2024-08-08,NA,NA,NA,NA,NA,NA,NA,NA,NA,NA,NA,NA,NA,NA
"2099",NA,NA,"WI",2024-08-09,NA,NA,NA,NA,NA,NA,NA,NA,NA,NA,NA,NA,NA,NA
"2100",NA,NA,"WI",2024-08-10,NA,NA,NA,NA,NA,NA,NA,NA,NA,NA,NA,NA,NA,NA
"2101",NA,NA,"WV",2024-06-30,NA,NA,NA,NA,NA,NA,NA,NA,NA,NA,NA,NA,NA,NA
"2102",0.426024142307198,0.330437662465051,"WV",2024-07-01,1,1,1,1,1,1,1,0,1,0,1,1,1,1
"2103",NA,NA,"WV",2024-07-02,NA,NA,NA,NA,NA,NA,NA,NA,NA,NA,NA,NA,NA,NA
"2104",NA,NA,"WV",2024-07-03,NA,NA,NA,NA,NA,NA,NA,NA,NA,NA,NA,NA,NA,NA
"2105",NA,NA,"WV",2024-07-04,NA,NA,NA,NA,NA,NA,NA,NA,NA,NA,NA,NA,NA,NA
"2106",NA,NA,"WV",2024-07-05,NA,NA,NA,NA,NA,NA,NA,NA,NA,NA,NA,NA,NA,NA
"2107",NA,NA,"WV",2024-07-06,NA,NA,NA,NA,NA,NA,NA,NA,NA,NA,NA,NA,NA,NA
"2108",NA,NA,"WV",2024-07-07,NA,NA,NA,NA,NA,NA,NA,NA,NA,NA,NA,NA,NA,NA
"2109",0.503448375095962,0.37425101314852,"WV",2024-07-08,1,1,1,1,1,1,1,0,0,1,1,1,1,1
"2110",NA,NA,"WV",2024-07-09,NA,NA,NA,NA,NA,NA,NA,NA,NA,NA,NA,NA,NA,NA
"2111",NA,NA,"WV",2024-07-10,NA,NA,NA,NA,NA,NA,NA,NA,NA,NA,NA,NA,NA,NA
"2112",NA,NA,"WV",2024-07-11,NA,NA,NA,NA,NA,NA,NA,NA,NA,NA,NA,NA,NA,NA
"2113",NA,NA,"WV",2024-07-12,NA,NA,NA,NA,NA,NA,NA,NA,NA,NA,NA,NA,NA,NA
"2114",NA,NA,"WV",2024-07-13,NA,NA,NA,NA,NA,NA,NA,NA,NA,NA,NA,NA,NA,NA
"2115",NA,NA,"WV",2024-07-14,NA,NA,NA,NA,NA,NA,NA,NA,NA,NA,NA,NA,NA,NA
"2116",NA,NA,"WV",2024-07-15,NA,NA,NA,NA,NA,NA,NA,NA,NA,NA,NA,NA,NA,NA
"2117",NA,NA,"WV",2024-07-16,NA,NA,NA,NA,NA,NA,NA,NA,NA,NA,NA,NA,NA,NA
"2118",NA,NA,"WV",2024-07-17,NA,NA,NA,NA,NA,NA,NA,NA,NA,NA,NA,NA,NA,NA
"2119",NA,NA,"WV",2024-07-18,NA,NA,NA,NA,NA,NA,NA,NA,NA,NA,NA,NA,NA,NA
"2120",NA,NA,"WV",2024-07-19,NA,NA,NA,NA,NA,NA,NA,NA,NA,NA,NA,NA,NA,NA
"2121",NA,NA,"WV",2024-07-20,NA,NA,NA,NA,NA,NA,NA,NA,NA,NA,NA,NA,NA,NA
"2122",NA,NA,"WV",2024-07-21,NA,NA,NA,NA,NA,NA,NA,NA,NA,NA,NA,NA,NA,NA
"2123",NA,NA,"WV",2024-07-22,NA,NA,NA,NA,NA,NA,NA,NA,NA,NA,NA,NA,NA,NA
"2124",0.770067861985447,0.421337350688432,"WV",2024-07-23,1,1,1,1,1,1,1,0,1,0,1,1,1,1
"2125",NA,NA,"WV",2024-07-24,NA,NA,NA,NA,NA,NA,NA,NA,NA,NA,NA,NA,NA,NA
"2126",NA,NA,"WV",2024-07-25,NA,NA,NA,NA,NA,NA,NA,NA,NA,NA,NA,NA,NA,NA
"2127",NA,NA,"WV",2024-07-26,NA,NA,NA,NA,NA,NA,NA,NA,NA,NA,NA,NA,NA,NA
"2128",NA,NA,"WV",2024-07-27,NA,NA,NA,NA,NA,NA,NA,NA,NA,NA,NA,NA,NA,NA
"2129",NA,NA,"WV",2024-07-28,NA,NA,NA,NA,NA,NA,NA,NA,NA,NA,NA,NA,NA,NA
"2130",0.761997680602984,0.44461731588964,"WV",2024-07-29,1,1,1,1,1,1,1,0,1,0,1,0,0,1
"2131",0.457896146135015,0.387132397283066,"WV",2024-07-30,1,1,1,1,1,1,1,0,1,1,1,0,1,1
"2132",NA,NA,"WV",2024-07-31,NA,NA,NA,NA,NA,NA,NA,NA,NA,NA,NA,NA,NA,NA
"2133",NA,NA,"WV",2024-08-01,NA,NA,NA,NA,NA,NA,NA,NA,NA,NA,NA,NA,NA,NA
"2134",NA,NA,"WV",2024-08-02,NA,NA,NA,NA,NA,NA,NA,NA,NA,NA,NA,NA,NA,NA
"2135",NA,NA,"WV",2024-08-03,NA,NA,NA,NA,NA,NA,NA,NA,NA,NA,NA,NA,NA,NA
"2136",NA,NA,"WV",2024-08-04,NA,NA,NA,NA,NA,NA,NA,NA,NA,NA,NA,NA,NA,NA
"2137",0.521766626783076,0.295997726292146,"WV",2024-08-05,1,1,0,1,1,1,1,1,1,1,1,1,1,1
"2138",0.705621305376985,0.505045467042768,"WV",2024-08-06,1,1,1,1,1,0,1,1,1,0,1,1,0,1
"2139",NA,NA,"WV",2024-08-07,NA,NA,NA,NA,NA,NA,NA,NA,NA,NA,NA,NA,NA,NA
"2140",0.37881975833638,0.317642350977175,"WV",2024-08-08,1,1,1,1,1,1,1,1,1,1,1,1,1,1
"2141",0.337015025558864,0.30975779394756,"WV",2024-08-09,1,1,1,1,1,1,1,1,1,1,1,1,1,1
"2142",NA,NA,"WV",2024-08-10,NA,NA,NA,NA,NA,NA,NA,NA,NA,NA,NA,NA,NA,NA
"2143",NA,NA,"WY",2024-06-30,NA,NA,NA,NA,NA,NA,NA,NA,NA,NA,NA,NA,NA,NA
"2144",NA,NA,"WY",2024-07-01,NA,NA,NA,NA,NA,NA,NA,NA,NA,NA,NA,NA,NA,NA
"2145",NA,NA,"WY",2024-07-02,NA,NA,NA,NA,NA,NA,NA,NA,NA,NA,NA,NA,NA,NA
"2146",NA,NA,"WY",2024-07-03,NA,NA,NA,NA,NA,NA,NA,NA,NA,NA,NA,NA,NA,NA
"2147",NA,NA,"WY",2024-07-04,NA,NA,NA,NA,NA,NA,NA,NA,NA,NA,NA,NA,NA,NA
"2148",NA,NA,"WY",2024-07-05,NA,NA,NA,NA,NA,NA,NA,NA,NA,NA,NA,NA,NA,NA
"2149",NA,NA,"WY",2024-07-06,NA,NA,NA,NA,NA,NA,NA,NA,NA,NA,NA,NA,NA,NA
"2150",NA,NA,"WY",2024-07-07,NA,NA,NA,NA,NA,NA,NA,NA,NA,NA,NA,NA,NA,NA
"2151",NA,NA,"WY",2024-07-08,NA,NA,NA,NA,NA,NA,NA,NA,NA,NA,NA,NA,NA,NA
"2152",NA,NA,"WY",2024-07-09,NA,NA,NA,NA,NA,NA,NA,NA,NA,NA,NA,NA,NA,NA
"2153",NA,NA,"WY",2024-07-10,NA,NA,NA,NA,NA,NA,NA,NA,NA,NA,NA,NA,NA,NA
"2154",NA,NA,"WY",2024-07-11,NA,NA,NA,NA,NA,NA,NA,NA,NA,NA,NA,NA,NA,NA
"2155",NA,NA,"WY",2024-07-12,NA,NA,NA,NA,NA,NA,NA,NA,NA,NA,NA,NA,NA,NA
"2156",NA,NA,"WY",2024-07-13,NA,NA,NA,NA,NA,NA,NA,NA,NA,NA,NA,NA,NA,NA
"2157",NA,NA,"WY",2024-07-14,NA,NA,NA,NA,NA,NA,NA,NA,NA,NA,NA,NA,NA,NA
"2158",NA,NA,"WY",2024-07-15,NA,NA,NA,NA,NA,NA,NA,NA,NA,NA,NA,NA,NA,NA
"2159",NA,NA,"WY",2024-07-16,NA,NA,NA,NA,NA,NA,NA,NA,NA,NA,NA,NA,NA,NA
"2160",NA,NA,"WY",2024-07-17,NA,NA,NA,NA,NA,NA,NA,NA,NA,NA,NA,NA,NA,NA
"2161",NA,NA,"WY",2024-07-18,NA,NA,NA,NA,NA,NA,NA,NA,NA,NA,NA,NA,NA,NA
"2162",NA,NA,"WY",2024-07-19,NA,NA,NA,NA,NA,NA,NA,NA,NA,NA,NA,NA,NA,NA
"2163",NA,NA,"WY",2024-07-20,NA,NA,NA,NA,NA,NA,NA,NA,NA,NA,NA,NA,NA,NA
"2164",NA,NA,"WY",2024-07-21,NA,NA,NA,NA,NA,NA,NA,NA,NA,NA,NA,NA,NA,NA
"2165",NA,NA,"WY",2024-07-22,NA,NA,NA,NA,NA,NA,NA,NA,NA,NA,NA,NA,NA,NA
"2166",NA,NA,"WY",2024-07-23,NA,NA,NA,NA,NA,NA,NA,NA,NA,NA,NA,NA,NA,NA
"2167",NA,NA,"WY",2024-07-24,NA,NA,NA,NA,NA,NA,NA,NA,NA,NA,NA,NA,NA,NA
"2168",NA,NA,"WY",2024-07-25,NA,NA,NA,NA,NA,NA,NA,NA,NA,NA,NA,NA,NA,NA
"2169",NA,NA,"WY",2024-07-26,NA,NA,NA,NA,NA,NA,NA,NA,NA,NA,NA,NA,NA,NA
"2170",NA,NA,"WY",2024-07-27,NA,NA,NA,NA,NA,NA,NA,NA,NA,NA,NA,NA,NA,NA
"2171",NA,NA,"WY",2024-07-28,NA,NA,NA,NA,NA,NA,NA,NA,NA,NA,NA,NA,NA,NA
"2172",NA,NA,"WY",2024-07-29,NA,NA,NA,NA,NA,NA,NA,NA,NA,NA,NA,NA,NA,NA
"2173",NA,NA,"WY",2024-07-30,NA,NA,NA,NA,NA,NA,NA,NA,NA,NA,NA,NA,NA,NA
"2174",NA,NA,"WY",2024-07-31,NA,NA,NA,NA,NA,NA,NA,NA,NA,NA,NA,NA,NA,NA
"2175",NA,NA,"WY",2024-08-01,NA,NA,NA,NA,NA,NA,NA,NA,NA,NA,NA,NA,NA,NA
"2176",NA,NA,"WY",2024-08-02,NA,NA,NA,NA,NA,NA,NA,NA,NA,NA,NA,NA,NA,NA
"2177",NA,NA,"WY",2024-08-03,NA,NA,NA,NA,NA,NA,NA,NA,NA,NA,NA,NA,NA,NA
"2178",NA,NA,"WY",2024-08-04,NA,NA,NA,NA,NA,NA,NA,NA,NA,NA,NA,NA,NA,NA
"2179",NA,NA,"WY",2024-08-05,NA,NA,NA,NA,NA,NA,NA,NA,NA,NA,NA,NA,NA,NA
"2180",NA,NA,"WY",2024-08-06,NA,NA,NA,NA,NA,NA,NA,NA,NA,NA,NA,NA,NA,NA
"2181",NA,NA,"WY",2024-08-07,NA,NA,NA,NA,NA,NA,NA,NA,NA,NA,NA,NA,NA,NA
"2182",NA,NA,"WY",2024-08-08,NA,NA,NA,NA,NA,NA,NA,NA,NA,NA,NA,NA,NA,NA
"2183",NA,NA,"WY",2024-08-09,NA,NA,NA,NA,NA,NA,NA,NA,NA,NA,NA,NA,NA,NA
"2184",NA,NA,"WY",2024-08-10,NA,NA,NA,NA,NA,NA,NA,NA,NA,NA,NA,NA,NA,NA
